course_ID_full_orig,current_enrollment,spots_avl,pending_enrollment
11110AES 510000,15,40,6
11110AES 510100,10,∞,0
11110AES 511100,0,55,6
11110AES 520100,16,∞,0
11110AES 520300,8,∞,0
11110AES 520400,9,∞,0
11110AES 530200,6,∞,0
11110AES 540400,9,∞,0
11110AES 550200,0,0,0
11110AES 570100,18,∞,0
11110AES 610000,1,∞,0
11110AES 611100,15,40,0
11110AIIM500100,2,∞,0
11110AMEV500100,0,∞,0
11110ANTH500000,2,∞,0
11110ANTH651000,8,∞,0
11110ANTH672400,6,∞,0
11110ANTH674200,6,∞,0
11110ANTH674300,13,∞,0
11110ANTH675700,9,∞,0
11110ANTH676800,2,8,0
11110ANTH678400,2,8,2
11110ANTH678800,4,∞,0
11110ANTH678900,4,∞,0
11110ANTH679500,4,∞,0
11110ANTH679600,1,2,0
11110ANTH679700,1,∞,0
11110ANTH800000,1,∞,0
11110ASTR500100,1,∞,0
11110ASTR530000,4,∞,0
11110ASTR591000,5,∞,0
11110ASTR600700,5,∞,0
11110ASTR610000,7,8,0
11110ASTR660000,12,∞,0
11110ASTR691000,1,∞,0
11110ASTR992000,1,∞,0
11110BAI 700100,2,18,0
11110BAI 700300,1,39,0
11110BAI 700600,1,2,0
11110BME 400100,7,∞,0
11110BME 500400,24,∞,0
11110BME 500800,8,16,0
11110BME 501200,15,∞,0
11110BME 501900,11,∞,0
11110BME 502400,3,∞,0
11110BME 502500,9,∞,0
11110BME 502600,10,26,3
11110BME 503600,4,∞,0
11110BME 503900,13,∞,0
11110BME 504000,8,∞,0
11110BME 504400,6,9,4
11110BME 504600,2,∞,0
11110BME 504900,1,∞,0
11110BME 800100,0,∞,0
11110BMES111100,3,57,14
11110BMES211100,37,13,0
11110BMES212100,58,2,0
11110BMES213300,51,∞,0
11110BMES215100,44,∞,0
11110BMES312101,10,15,0
11110BMES312102,25,0,0
11110BMES316100,38,∞,0
11110BMES318100,15,∞,0
11110BMES323100,12,∞,0
11110BMES327200,19,11,0
11110BMES332100,10,∞,0
11110BMES337100,19,∞,0
11110BMES343100,10,∞,0
11110BMES411100,21,5,0
11110BMES418100,21,∞,0
11110BMES420200,16,∞,0
11110BMES423100,19,∞,0
11110BMES433100,79,16,6
11110BMES441100,27,∞,0
11110BMES441200,22,∞,0
11110BMES441300,22,∞,0
11110BMES442100,20,∞,0
11110BMES500000,60,∞,0
11110BMES511101,18,∞,0
11110BMES511103,7,∞,0
11110BMES512100,23,∞,0
11110BMES520100,8,∞,0
11110BMES520200,28,∞,0
11110BMES523500,29,∞,0
11110BMES529100,2,∞,0
11110BMES544500,3,∞,0
11110BMES545300,3,11,4
11110BMES545500,11,∞,0
11110BMES546300,27,∞,0
11110BMES546700,3,∞,0
11110BMES548500,5,∞,0
11110BMES610200,21,∞,0
11110BMES611101,18,∞,0
11110BMES611103,9,∞,0
11110BMES711100,9,∞,0
11110BMES712100,3,∞,0
11110BMES810100,1,∞,0
11110CL  101001,0,25,15
11110CL  101002,0,25,20
11110CL  101003,0,25,10
11110CL  101004,0,25,6
11110CL  101005,0,25,7
11110CL  101006,0,25,5
11110CL  101007,0,25,12
11110CL  101008,0,25,4
11110CL  101011,0,25,8
11110CL  101012,0,25,14
11110CL  101013,0,25,13
11110CL  101014,0,25,14
11110CL  101015,0,25,14
11110CL  101016,0,25,14
11110CL  101017,0,25,5
11110CL  101022,0,25,6
11110CL  101023,0,25,15
11110CL  101024,0,25,14
11110CL  101025,0,25,13
11110CL  101026,0,25,10
11110CL  101029,0,25,14
11110CL  101030,0,25,15
11110CL  101031,0,25,11
11110CL  101032,0,25,9
11110CL  101033,0,25,10
11110CL  101034,0,25,5
11110CL  101038,0,25,16
11110CL  101039,0,25,11
11110CL  101040,0,25,10
11110CL  101041,0,25,13
11110CL  101042,0,25,11
11110CL  101050,0,25,4
11110CL  101051,0,25,1
11110CL  101061,0,25,12
11110CL  101062,0,25,9
11110CL  101063,0,25,16
11110CL  101064,0,25,8
11110CL  101065,0,25,6
11110CHE 116000,2,65,18
11110CHE 211001,33,2,0
11110CHE 211002,35,0,0
11110CHE 241001,26,4,0
11110CHE 241002,30,0,0
11110CHE 301000,42,25,0
11110CHE 303001,35,0,0
11110CHE 303002,34,1,0
11110CHE 307001,35,0,0
11110CHE 307002,31,4,0
11110CHE 309001,28,2,0
11110CHE 309002,30,0,0
11110CHE 352001,34,1,0
11110CHE 352002,35,0,0
11110CHE 412000,13,∞,0
11110CHE 415001,30,0,0
11110CHE 415002,30,0,0
11110CHE 421001,30,0,0
11110CHE 421002,30,0,0
11110CHE 455200,73,∞,0
11110CHE 485000,15,∞,0
11110CHE 495000,6,∞,0
11110CHE 496000,31,∞,0
11110CHE 500100,19,∞,0
11110CHE 501000,5,∞,0
11110CHE 503000,8,32,12
11110CHE 507000,4,∞,0
11110CHE 509000,81,84,31
11110CHE 512100,29,1,14
11110CHE 512600,3,22,4
11110CHE 516500,9,51,2
11110CHE 517000,5,∞,0
11110CHE 520000,46,∞,0
11110CHE 522500,8,∞,0
11110CHE 525000,3,27,3
11110CHE 533000,10,5,4
11110CHE 541200,8,∞,0
11110CHE 545400,6,19,8
11110CHE 554000,13,7,6
11110CHE 579500,3,∞,0
11110CHE 703000,10,∞,0
11110CHEM100000,11,149,24
11110CHEM101001,0,160,35
11110CHEM101002,0,165,40
11110CHEM101003,0,140,32
11110CHEM101004,30,20,1
11110CHEM103001,0,45,12
11110CHEM103002,0,45,8
11110CHEM103003,0,45,18
11110CHEM103004,0,45,15
11110CHEM103005,0,45,22
11110CHEM103006,0,45,19
11110CHEM103007,0,45,17
11110CHEM103008,0,45,11
11110CHEM103009,0,43,6
11110CHEM103010,0,45,13
11110CHEM103011,0,45,11
11110CHEM221001,83,17,0
11110CHEM221002,145,15,0
11110CHEM223001,33,0,0
11110CHEM223002,33,0,0
11110CHEM223003,33,0,0
11110CHEM223004,27,6,0
11110CHEM241001,93,7,0
11110CHEM293000,84,∞,0
11110CHEM310000,51,∞,0
11110CHEM311000,73,27,0
11110CHEM313001,14,19,0
11110CHEM313002,33,0,0
11110CHEM331000,80,20,0
11110CHEM343000,24,∞,0
11110CHEM345001,30,0,0
11110CHEM345002,19,11,0
11110CHEM345003,30,0,0
11110CHEM345004,30,0,0
11110CHEM350000,73,0,0
11110CHEM423000,45,0,0
11110CHEM461000,33,∞,0
11110CHEM462000,26,6,0
11110CHEM465000,10,∞,0
11110CHEM480000,0,0,0
11110CHEM500000,36,∞,0
11110CHEM501300,13,∞,0
11110CHEM508500,1,∞,0
11110CHEM509500,3,∞,0
11110CHEM512000,14,∞,0
11110CHEM527000,2,34,14
11110CHEM536500,11,∞,0
11110CHEM543000,4,21,4
11110CHEM545000,44,∞,0
11110CHEM546000,7,∞,0
11110CHEM553400,36,∞,0
11110CHEM554500,4,11,10
11110CHEM561000,10,∞,0
11110CHEM563000,6,∞,0
11110CHEM565000,18,∞,0
11110CHEM567000,3,∞,0
11110CHEM570000,42,∞,0
11110CHEM581000,49,∞,0
11110CHEM586000,25,∞,0
11110CHEM598000,13,∞,0
11110CHEM600000,6,∞,0
11110CHEM621000,4,∞,0
11110CHEM622000,5,∞,0
11110CHEM623000,16,∞,0
11110CHEM650000,0,∞,0
11110CHEM661000,1,∞,0
11110CHEM665000,0,∞,0
11110CHEM667000,1,∞,0
11110CHEM669000,0,∞,0
11110CHEM681000,2,∞,0
11110CL  101001,0,25,15
11110CL  101002,0,25,20
11110CL  101003,0,25,10
11110CL  101004,0,25,6
11110CL  101005,0,25,7
11110CL  101006,0,25,5
11110CL  101007,0,25,12
11110CL  101008,0,25,4
11110CL  101011,0,25,8
11110CL  101012,0,25,14
11110CL  101013,0,25,13
11110CL  101014,0,25,14
11110CL  101015,0,25,14
11110CL  101016,0,25,14
11110CL  101017,0,25,5
11110CL  101022,0,25,6
11110CL  101023,0,25,15
11110CL  101024,0,25,14
11110CL  101025,0,25,13
11110CL  101026,0,25,10
11110CL  101029,0,25,14
11110CL  101030,0,25,15
11110CL  101031,0,25,11
11110CL  101032,0,25,9
11110CL  101033,0,25,10
11110CL  101034,0,25,5
11110CL  101038,0,25,16
11110CL  101039,0,25,11
11110CL  101040,0,25,10
11110CL  101041,0,25,13
11110CL  101042,0,25,11
11110CL  101050,0,25,4
11110CL  101051,0,25,1
11110CL  101061,0,25,12
11110CL  101062,0,25,9
11110CL  101063,0,25,16
11110CL  101064,0,25,8
11110CL  101065,0,25,6
11110CL  110300,4,∞,0
11110CL  110601,21,∞,0
11110CL  111300,27,∞,0
11110CL  121000,24,36,11
11110CL  151000,8,47,2
11110CL  210500,31,∞,0
11110CL  210700,55,∞,0
11110CL  211200,50,10,2
11110CL  220000,41,0,0
11110CL  230000,4,31,1
11110CL  231800,0,35,0
11110CL  232500,16,19,0
11110CL  232600,35,0,0
11110CL  252000,13,2,0
11110CL  252100,15,0,0
11110CL  270000,13,∞,0
11110CL  280600,14,6,0
11110CL  310100,47,13,0
11110CL  321000,4,∞,0
11110CL  330200,13,22,0
11110CL  332600,21,14,0
11110CL  350400,7,28,0
11110CL  370200,35,15,0
11110CL  372300,22,13,0
11110CL  382900,5,15,0
11110CL  410100,55,5,0
11110CL  420200,17,18,0
11110CL  440700,10,∞,0
11110CL  462000,13,7,0
11110CL  462100,12,∞,0
11110CL  462200,12,8,1
11110CL  465000,0,0,0
11110CL  480500,19,11,0
11110CL  502300,5,∞,0
11110CL  503700,4,11,3
11110CL  506000,5,∞,0
11110CL  524100,11,∞,0
11110CL  524900,4,∞,0
11110CL  525000,7,8,4
11110CL  532900,6,∞,0
11110CL  534000,5,∞,0
11110CL  535500,12,∞,0
11110CL  561000,0,20,3
11110CL  572900,18,∞,0
11110CL  573300,7,∞,0
11110CL  591500,4,∞,0
11110CL  600100,1,∞,0
11110CL  700100,3,∞,0
11110CLC 100101,0,15,1
11110CLC 100102,3,12,3
11110CLC 100103,12,8,4
11110CLC 100104,3,12,1
11110CLC 100105,3,17,3
11110CLC 100201,9,6,0
11110CLC 100202,20,0,0
11110CLC 100203,6,14,0
11110CLC 100301,18,2,0
11110CLC 100302,15,0,0
11110CLC 100303,6,9,0
11110CLC 100800,15,0,0
11110CLC 100900,5,10,0
11110CLC 101101,2,13,3
11110CLC 101102,1,14,1
11110CLC 101103,5,15,2
11110CLC 101201,6,9,0
11110CLC 101202,6,14,0
11110CLC 101300,15,0,0
11110CLC 101400,20,0,0
11110CLC 200101,12,3,1
11110CLC 200102,8,7,0
11110CLC 200201,15,0,0
11110CLC 200202,15,0,0
11110CLC 200301,6,9,1
11110CLC 200302,6,9,0
11110CLC 300100,14,1,0
11110CLC 300200,12,3,0
11110CLC 300300,15,0,0
11110CLC 301200,9,6,0
11110CLC 400100,8,7,0
11110CLC 400200,9,6,0
11110CLC 400300,1,14,0
11110CLC 401100,18,2,0
11110CLC 401200,3,12,0
11110COM 501000,60,43,0
11110COM 503000,0,0,0
11110COM 512000,11,19,9
11110COM 513000,36,9,18
11110COM 517000,13,57,19
11110COM 522000,19,31,4
11110COM 524000,36,14,14
11110COM 524200,13,57,6
11110COM 524500,10,30,2
11110COM 525200,77,53,22
11110COM 526000,48,32,19
11110COM 530500,16,34,4
11110COM 530600,14,86,6
11110COM 534200,11,89,6
11110COM 541000,3,50,1
11110COM 601000,37,∞,0
11110COM 701000,3,∞,0
11110CS  135501,0,75,19
11110CS  135502,0,75,19
11110CS  135600,0,0,0
11110CS  135700,0,120,21
11110CS  135800,105,45,11
11110CS  233401,75,0,0
11110CS  233402,74,1,4
11110CS  233601,30,120,32
11110CS  233602,0,75,9
11110CS  235101,74,1,2
11110CS  235102,52,23,2
11110CS  312000,71,19,0
11110CS  330500,90,0,0
11110CS  342301,75,0,0
11110CS  342302,75,0,0
11110CS  342700,39,1,1
11110CS  343300,50,0,0
11110CS  390100,0,0,0
11110CS  390200,135,∞,0
11110CS  410000,48,27,0
11110CS  431101,55,45,0
11110CS  431102,100,0,0
11110CS  452000,40,0,0
11110CS  460100,90,0,0
11110CS  460200,100,0,0
11110CS  516000,50,∞,0
11110CS  517000,5,65,0
11110CS  522100,14,36,9
11110CS  529100,3,77,3
11110CS  531300,14,16,4
11110CS  531900,138,2,16
11110CS  532100,42,58,9
11110CS  539100,19,21,9
11110CS  540400,11,∞,0
11110CS  542200,29,1,27
11110CS  542300,0,0,0
11110CS  546000,0,0,0
11110CS  546400,34,∞,0
11110CS  550300,50,0,0
11110CS  550700,27,23,3
11110CS  551200,0,0,0
11110CS  555100,20,0,0
11110CS  560500,32,28,11
11110CS  565600,73,2,27
11110CS  573400,20,0,0
11110CS  580100,54,∞,0
11110CS  591000,0,175,58
11110CS  613500,36,∞,0
11110CS  655000,47,3,11
11110CS  690000,117,∞,0
11110CS  724600,0,0,0
11110CS  742900,0,0,0
11110CS  761000,0,0,0
11110CS  772000,0,0,0
11110CS  890000,5,∞,0
11110CSR 500100,6,94,20
11110CSR 500300,0,0,0
11110CSR 510100,6,79,13
11110CSR 520100,5,80,15
11110CSR 530100,3,67,15
11110CSR 530200,0,50,6
11110CSR 540100,8,72,15
11110CSR 540300,0,40,5
11110ISA 581000,103,17,25
11110DMS 110100,9,31,11
11110DMS 210500,24,0,0
11110DMS 274100,31,∞,0
11110DMS 275100,43,∞,0
11110DMS 275500,60,∞,0
11110DMS 301100,22,∞,0
11110DMS 301200,1,∞,0
11110DMS 320100,72,∞,0
11110DMS 370001,28,0,0
11110DMS 370002,27,1,0
11110DMS 370300,47,∞,0
11110DMS 370500,53,7,1
11110DMS 370700,42,8,0
11110DMS 374000,0,40,0
11110DMS 390001,7,1,0
11110DMS 390002,8,0,0
11110DMS 390003,8,0,0
11110DMS 390004,8,0,0
11110DMS 390005,8,0,0
11110DMS 475100,42,8,1
11110E   100101,1,24,31
11110E   100102,2,23,27
11110E   100103,0,25,24
11110E   100104,1,24,22
11110E   100105,5,20,14
11110E   100106,4,21,9
11110E   100107,1,24,14
11110E   100108,0,25,9
11110E   100109,0,25,5
11110E   100110,0,25,6
11110E   100111,0,25,5
11110E   100112,0,25,8
11110E   100113,0,25,0
11110E   100114,0,25,0
11110E   100115,0,25,5
11110E   100116,0,25,5
11110E   100117,0,25,4
11110E   100118,0,25,4
11110E   100119,0,25,1
11110E   100120,1,24,1
11110E   500100,15,35,1
11110ECON100101,0,170,11
11110ECON100102,0,100,4
11110ECON100103,0,100,4
11110ECON100104,0,100,6
11110ECON100105,0,60,16
11110ECON100106,0,80,18
11110ECON127101,25,60,9
11110ECON127102,0,80,12
11110ECON127300,31,19,6
11110ECON206101,69,1,0
11110ECON206102,96,4,0
11110ECON206103,73,7,0
11110ECON206104,43,27,0
11110ECON210101,52,33,0
11110ECON210102,80,0,0
11110ECON216101,34,66,0
11110ECON216102,99,1,0
11110ECON221200,30,75,3
11110ECON227300,35,∞,0
11110ECON228100,50,0,0
11110ECON303300,56,9,0
11110ECON309101,50,0,0
11110ECON309102,80,0,0
11110ECON309103,45,5,0
11110ECON309104,13,37,0
11110ECON310500,74,11,1
11110ECON310600,30,0,0
11110ECON316100,100,0,0
11110ECON327101,50,0,0
11110ECON327102,3,57,0
11110ECON328200,67,33,0
11110ECON409300,11,19,0
11110ECON412100,100,0,0
11110ECON413100,30,0,0
11110ECON416700,20,0,0
11110ECON425100,50,0,0
11110ECON434000,30,0,0
11110ECON500100,0,40,5
11110ECON503300,5,55,6
11110ECON504200,4,26,3
11110ECON505000,8,22,1
11110ECON506100,8,22,7
11110ECON507400,5,10,2
11110ECON509100,7,∞,0
11110ECON513100,23,∞,0
11110ECON516600,0,40,5
11110ECON591100,6,∞,0
11110ECON609300,6,12,5
11110ECON699900,21,∞,0
11110ECON709500,7,∞,0
11110ECON800000,0,∞,0
11110ECON890100,1,∞,0
11110ECON891100,2,∞,0
11110EE  202001,18,82,0
11110EE  202002,94,1,0
11110EE  203001,19,1,0
11110EE  203002,20,0,0
11110EE  214000,26,34,0
11110EE  221001,89,1,0
11110EE  221002,39,41,0
11110EE  224501,68,0,0
11110EE  224502,70,0,0
11110EE  225500,79,1,0
11110EE  231001,10,50,9
11110EE  231002,0,20,27
11110EE  240100,35,0,0
11110EE  240500,5,0,0
11110EE  306000,16,14,0
11110EE  313000,9,26,0
11110EE  315000,21,19,0
11110EE  323000,100,0,0
11110EE  323500,125,5,0
11110EE  324000,28,2,0
11110EE  335000,99,1,0
11110EE  336000,1,39,0
11110EE  345000,90,0,0
11110EE  351000,50,1,0
11110EE  364000,80,0,0
11110EE  366200,45,0,0
11110EE  370000,73,27,0
11110EE  382000,25,25,0
11110EE  390000,58,∞,0
11110EE  391000,88,∞,0
11110EE  410000,10,90,0
11110EE  412000,13,9,0
11110EE  413000,8,50,0
11110EE  415000,16,4,0
11110EE  429200,60,0,0
11110EE  429400,20,0,0
11110EE  432001,30,0,0
11110EE  432002,14,16,0
11110EE  465000,19,11,0
11110EE  466000,34,46,4
11110EE  490000,0,0,0
11110EE  491000,0,0,0
11110EE  521600,54,26,10
11110EE  523000,2,98,11
11110EE  525000,97,33,12
11110EE  541000,31,9,5
11110EE  563000,93,27,27
11110EE  571000,4,46,6
11110EE  581000,14,36,12
11110EE  582000,1,49,9
11110EE  585000,12,28,14
11110EE  591001,16,154,33
11110EE  591002,0,50,15
11110EE  601000,11,4,5
11110EE  626500,4,26,1
11110EE  641300,8,17,2
11110EE  648500,85,15,20
11110EE  665200,3,24,2
11110EE  690000,84,∞,0
11110EE  890000,7,∞,0
11110EECS101001,28,70,10
11110EECS101002,0,20,27
11110EECS121000,0,0,0
11110EECS202000,44,1,1
11110EECS203001,43,32,0
11110EECS203002,88,2,0
11110EECS207001,0,0,0
11110EECS207002,74,1,0
11110EECS208000,36,39,0
11110EECS302001,69,21,0
11110EECS302002,89,1,3
11110EECS305000,30,0,0
11110EMBA501000,36,∞,0
11110EMBA504800,35,5,19
11110EMBA507300,0,50,32
11110EMBA507800,0,50,32
11110EMBA508400,46,4,0
11110EMBA508900,46,4,0
11110EMBA509300,21,39,22
11110EMBA509600,5,35,22
11110EMBA510600,30,10,15
11110EMBA510700,3,32,18
11110EMBA510800,3,∞,0
11110EMD 500100,0,30,1
11110EMD 500200,0,30,1
11110EMD 500300,0,30,0
11110EMD 500400,0,30,0
11110EMD 500500,0,30,1
11110EMD 500600,0,30,1
11110EMD 501100,1,29,0
11110EMIM500100,26,∞,0
11110EMIM500200,1,43,9
11110EMIM500300,0,44,9
11110EMIM501300,0,44,0
11110EMIM600000,19,∞,0
11110EMM 600100,0,∞,0
11110EMM 600200,0,∞,0
11110EMM 600300,0,∞,0
11110EMM 600400,0,∞,0
11110EMM 609900,0,∞,0
11110EMS 500400,0,∞,0
11110EMS 500600,0,∞,0
11110EMS 500800,0,∞,0
11110EMS 501000,0,∞,0
11110EMS 509900,0,∞,0
11110ENE 511000,13,37,10
11110ENE 522000,32,18,11
11110ENE 531000,31,65,28
11110ENE 533000,13,67,22
11110ENE 538500,6,44,5
11110ENE 540000,12,28,5
11110ENE 551000,5,35,6
11110ENE 552000,3,37,1
11110ENE 591000,8,127,25
11110ENE 633000,30,20,18
11110ENE 636500,38,∞,0
11110ENE 690000,51,∞,0
11110ENE 890000,4,∞,0
11110ESS 102000,0,130,25
11110ESS 107000,26,4,9
11110ESS 201000,22,∞,0
11110ESS 202002,0,120,27
11110ESS 203001,60,0,0
11110ESS 203002,45,15,0
11110ESS 220000,119,1,0
11110ESS 223000,120,0,0
11110ESS 224001,50,0,0
11110ESS 224002,40,10,0
11110ESS 234000,3,∞,0
11110ESS 240001,55,0,0
11110ESS 240002,55,0,0
11110ESS 250100,48,12,0
11110ESS 302200,1,17,0
11110ESS 303000,33,27,0
11110ESS 305001,55,0,0
11110ESS 305002,33,22,0
11110ESS 323000,77,∞,0
11110ESS 327001,32,23,0
11110ESS 327002,55,0,0
11110ESS 327100,16,0,0
11110ESS 328000,79,∞,0
11110ESS 342000,12,∞,0
11110ESS 351000,28,∞,0
11110ESS 401000,20,10,0
11110ESS 401100,21,∞,0
11110ESS 410000,22,∞,0
11110ESS 441500,74,∞,0
11110ESS 446000,1,∞,0
11110ESS 451000,36,∞,0
11110ESS 453000,14,∞,0
11110ESS 455000,18,12,0
11110ESS 461000,82,∞,0
11110ESS 482000,22,∞,0
11110ESS 498000,8,∞,0
11110ESS 499000,51,∞,0
11110ESS 500000,96,∞,0
11110ESS 501001,5,∞,0
11110ESS 501002,7,∞,0
11110ESS 501003,5,∞,0
11110ESS 501004,36,∞,0
11110ESS 501005,32,∞,0
11110ESS 501006,1,∞,0
11110ESS 507000,9,6,2
11110ESS 520000,49,∞,0
11110ESS 534000,7,∞,0
11110ESS 534100,6,∞,0
11110ESS 549000,3,∞,0
11110ESS 552800,23,∞,0
11110ESS 553500,19,∞,0
11110ESS 554500,2,∞,0
11110ESS 556500,17,19,17
11110ESS 558500,3,∞,0
11110ESS 564400,6,∞,0
11110ESS 581000,2,18,6
11110ESS 582200,11,∞,0
11110ESS 584700,7,13,2
11110ESS 585000,5,∞,0
11110ESS 643000,10,∞,0
11110ESS 698000,24,∞,0
11110ESS 998000,5,∞,0
11110EST 710100,3,∞,0
11110EST 810200,2,∞,0
11110FL  100300,5,65,12
11110FL  100500,10,60,13
11110FL  101001,0,18,5
11110FL  101002,0,18,5
11110FL  101003,0,18,0
11110FL  102801,2,23,2
11110FL  102802,3,22,2
11110FL  102803,1,24,2
11110FL  102804,2,23,4
11110FL  102805,5,20,2
11110FL  102806,5,20,1
11110FL  102807,5,20,2
11110FL  102808,0,25,2
11110FL  102809,3,22,5
11110FL  102810,1,24,1
11110FL  102811,3,22,4
11110FL  103500,11,59,13
11110FL  104101,3,27,6
11110FL  104102,5,25,3
11110FL  200901,13,5,0
11110FL  200902,16,2,0
11110FL  200903,16,2,1
11110FL  201101,23,7,0
11110FL  201102,28,14,8
11110FL  201103,42,0,0
11110FL  201104,41,1,4
11110FL  201105,16,26,2
11110FL  201106,33,9,2
11110FL  201107,13,29,2
11110FL  201108,26,16,1
11110FL  201109,42,0,0
11110FL  201110,42,0,0
11110FL  201111,42,0,0
11110FL  201112,42,0,0
11110FL  201113,17,25,1
11110FL  201114,42,0,0
11110FL  201115,42,0,0
11110FL  201116,42,0,0
11110FL  201117,37,5,2
11110FL  201118,42,0,0
11110FL  201119,42,0,0
11110FL  201301,10,20,0
11110FL  201302,19,23,3
11110FL  201303,23,19,1
11110FL  201304,36,6,0
11110FL  201305,31,11,2
11110FL  201306,32,10,1
11110FL  201307,2,40,0
11110FL  201501,11,19,0
11110FL  201502,15,27,1
11110FL  201503,37,5,3
11110FL  201504,42,0,0
11110FL  201505,41,1,0
11110FL  201506,10,32,0
11110FL  201507,1,41,1
11110FL  201508,3,39,0
11110FL  201509,1,41,2
11110FL  202800,29,1,0
11110FL  203700,20,10,0
11110FL  203901,17,3,0
11110FL  203902,16,4,0
11110FL  203903,20,0,0
11110FL  204101,10,20,0
11110FL  204102,15,27,1
11110FL  204103,9,33,0
11110FL  204104,7,35,1
11110FL  204105,30,12,1
11110FL  204106,29,13,2
11110FL  204107,19,23,1
11110FL  204108,41,1,2
11110FL  204109,33,9,0
11110FL  209000,18,12,1
11110FL  213700,42,8,0
11110FL  300301,10,8,0
11110FL  300302,18,0,0
11110FL  300303,18,0,0
11110FL  300501,12,18,0
11110FL  300502,42,0,0
11110FL  300503,42,0,0
11110FL  300504,30,12,0
11110FL  300505,40,2,0
11110FL  300506,42,0,0
11110FL  300507,25,17,0
11110FL  300508,42,0,0
11110FL  300509,19,23,0
11110FL  300701,9,21,0
11110FL  300702,15,15,0
11110FL  300901,9,21,0
11110FL  300902,33,9,0
11110FL  304400,30,0,0
11110FL  305900,7,21,0
11110FL  308700,20,0,0
11110FL  309000,30,0,0
11110FL  310000,15,15,0
11110FL  310100,30,0,0
11110FL  310200,9,21,0
11110FL  327100,20,10,0
11110FL  327300,30,0,0
11110FL  327700,28,0,0
11110FL  328001,11,19,0
11110FL  328002,42,0,0
11110FL  328003,42,0,0
11110FL  328004,42,0,0
11110FL  328005,42,0,0
11110FL  328006,42,0,0
11110FL  328007,9,33,1
11110FL  328008,6,36,4
11110FL  328101,3,27,0
11110FL  328102,27,15,0
11110FL  341600,8,22,0
11110FL  342400,19,11,0
11110FL  343100,11,19,0
11110FL  343400,17,11,0
11110FL  344500,23,7,1
11110FL  350100,11,19,1
11110FL  402500,11,19,0
11110FL  403900,11,17,0
11110FL  404400,7,23,0
11110FL  404401,22,20,0
11110FL  404701,20,10,0
11110FL  404702,39,3,0
11110FL  404703,41,1,0
11110FL  404900,15,15,0
11110FL  405100,20,0,0
11110FL  405400,10,20,0
11110FL  407100,8,22,0
11110FL  416500,11,5,1
11110FL  420700,11,19,0
11110FL  420800,7,23,0
11110FL  421100,18,12,0
11110FL  421300,12,18,0
11110FL  500100,0,18,1
11110FL  513700,3,15,1
11110FL  520100,0,18,0
11110FL  525000,4,14,0
11110FL  560100,0,18,1
11110FL  571800,5,13,1
11110FL  582200,5,13,0
11110FL  592200,0,18,0
11110FL  600100,4,∞,0
11110GE  200101,0,0,0
11110GE  200102,0,0,0
11110GE  200103,0,0,0
11110HIS 233700,9,11,1
11110GEC 170401,30,20,1
11110HIS 233100,33,27,1
11110GEC 170202,44,16,0
11110GEC 160300,45,5,0
11110GEC 161300,45,5,2
11110GEC 170402,45,5,1
11110HIS 213100,47,13,4
11110GEC 161200,53,7,2
11110GEC 112400,53,7,2
11110GEC 111300,54,6,4
11110GEC 161500,54,6,1
11110GEC 170201,54,6,1
11110GEC 112100,54,6,3
11110GEC 170500,54,6,4
11110GEC 110700,54,6,0
11110GEC 110800,57,6,3
11110GEC 112300,57,18,1
11110GEC 110302,63,7,15
11110HIS 233300,70,0,0
11110GEC 110301,79,8,14
11110HIS 213000,120,0,0
11110HIS 232700,160,0,0
11110GEC 150201,16,34,4
11110GEC 150200,19,31,0
11110GEC 150700,27,3,0
11110GEC 150101,34,21,1
11110GEC 111502,44,6,10
11110GEC 150800,44,6,1
11110GEC 120301,45,5,3
11110GEC 120302,45,5,18
11110GEC 120303,45,5,13
11110GEC 120304,45,5,14
11110GEC 111501,45,5,7
11110GEC 111503,45,5,4
11110GEC 110500,53,7,5
11110GEC 150102,54,6,0
11110GEC 120100,54,6,8
11110GEC 120700,72,8,7
11110GEC 120200,89,11,7
11110GEC 150401,144,16,8
11110GEC 150402,144,16,11
11110LS  114300,199,41,11
11110GEC 130401,11,39,0
11110FL  350100,11,19,1
11110GEC 130800,30,20,0
11110GEC 130402,31,19,4
11110GEC 131100,33,17,0
11110GEC 161001,36,4,2
11110GEC 161002,36,4,1
11110GEC 131000,45,5,11
11110GEC 131400,45,5,2
11110GEC 130101,45,5,5
11110GEC 130102,45,5,2
11110GEC 160201,45,5,12
11110GEC 160100,45,5,2
11110GEC 162000,45,5,4
11110GEC 161100,45,5,2
11110GEC 131600,45,5,0
11110GEC 131301,45,5,7
11110GEC 131302,45,5,2
11110GEC 132000,45,5,3
11110GEC 160202,50,5,5
11110GEC 160600,54,6,0
11110GEC 131500,54,6,2
11110GEC 130700,54,6,3
11110GEC 131800,54,6,1
11110ECON100102,0,100,3
11110ECON100104,0,100,7
11110ECON100105,0,60,16
11110ECON100106,0,80,18
11110ECON100101,0,170,11
11110ECON100103,0,100,5
11110GEC 140201,16,34,1
11110GEC 140602,19,31,0
11110ECON221200,30,75,3
11110GEC 140202,31,19,0
11110GEC 140601,35,15,1
11110GEC 140401,45,5,5
11110GEC 140402,45,5,4
11110GEC 140403,45,5,5
11110GEC 120601,45,5,14
11110GEC 120602,45,5,12
11110GEC 140500,45,5,2
11110GEC 140300,54,6,6
11110HSS 202500,24,1,3
11110GE  134100,28,12,3
11110PHYS241000,40,80,2
11110GE  138200,58,2,1
11110GE  115100,60,0,0
11110BMES433100,79,16,6
11110GE  187200,19,41,0
11110GE  186200,19,41,1
11110GE  154200,24,26,2
11110GE  190200,33,17,3
11110GE  170200,38,12,0
11110GE  183200,45,5,1
11110GE  180200,50,0,0
11110GE  173202,50,0,0
11110PHYS370000,50,0,0
11110GE  160300,60,0,0
11110GE  178200,60,0,0
11110GE  196200,60,0,0
11110GE  168200,60,0,0
11110GE  107200,60,0,0
11110GE  101200,60,0,0
11110GE  102200,61,9,2
11110GE  172200,69,1,6
11110GE  191200,70,0,0
11110GE  189200,89,1,12
11110GE  122100,90,0,0
11110GE  173201,98,2,0
11110GE  162200,27,33,2
11110LS  374500,38,32,1
11110GE  193200,46,4,3
11110GE  185200,60,0,0
11110GE  160200,60,0,0
11110GE  101300,3,47,0
11110GE  155300,6,44,0
11110GE  132300,9,41,3
11110GE  137300,19,31,2
11110GE  126300,29,21,0
11110GE  111300,36,14,3
11110GE  149300,41,19,4
11110LST 350302,47,73,0
11110GE  141300,80,0,0
11110LST 350301,98,62,8
11110GE  150300,100,0,0
11110GE  129400,4,56,0
11110TE  202102,6,24,1
11110TE  202101,8,22,0
11110GE  152400,14,36,0
11110THC 100200,15,5,0
11110GE  139400,18,32,2
11110HSS 350800,18,12,0
11110GE  174400,19,31,2
11110GE  183400,20,0,0
11110GE  118300,23,27,2
11110GE  123300,25,25,2
11110GE  182400,27,33,4
11110GE  158400,32,18,6
11110GE  128400,36,24,1
11110GE  117300,36,24,3
11110HSS 270000,37,63,2
11110GE  144300,49,11,8
11110GE  130300,50,0,0
11110GE  144400,50,0,0
11110GE  171400,58,2,1
11110GE  160400,59,71,12
11110GE  140400,60,0,0
11110GE  154400,65,55,15
11110GE  113500,17,23,4
11110GE  140500,28,32,7
11110GE  199400,49,1,0
11110GE  134500,50,0,0
11110GE  137500,50,0,0
11110ECON425100,50,0,0
11110GE  130500,50,0,0
11110UPMT200200,50,0,0
11110GE  135500,70,230,2
11110GE  136500,84,1,0
11110GE  124500,90,0,0
11110JITA111000,4,31,0
11110GE  170600,5,45,0
11110HIS 231700,6,14,0
11110GE  123600,7,43,1
11110JMU 202300,8,12,0
11110GE  157600,12,38,2
11110GE  140602,15,0,0
11110GE  140601,15,0,0
11110GE  154600,15,0,0
11110GE  193600,20,0,0
11110HSS 392200,20,0,0
11110GE  135600,21,29,2
11110GE  122600,23,27,0
11110GE  155600,30,55,1
11110GE  169600,30,0,0
11110GE  181602,44,6,3
11110GE  181601,50,0,0
11110GE  118600,60,0,0
11110GE  134600,60,0,0
11110GE  103600,70,0,0
11110GE  125600,70,0,0
11110GE  199600,100,0,0
11110GE  115600,8,7,1
11110GE  106600,11,9,1
11110GE  114600,13,7,0
11110GE  158600,14,6,0
11110GE  119600,18,2,1
11110GE  120601,20,0,0
11110GE  120602,20,0,0
11110GE  108600,20,0,0
11110GE  107600,20,0,0
11110GE  128601,20,0,0
11110GE  128602,20,0,0
11110GE  175600,22,3,0
11110GE  109601,25,0,0
11110GE  109602,25,0,0
11110HSS 320800,6,14,0
11110HSS 371200,11,19,1
11110HSS 322800,11,44,0
11110HSS 331700,17,8,0
11110HSS 220300,19,41,0
11110HSS 320700,19,41,1
11110HSS 324300,19,11,2
11110HSS 220000,20,40,0
11110GE  125700,20,40,1
11110HSS 351700,21,29,0
11110HSS 101100,35,45,15
11110GE  163700,50,0,0
11110GE  168700,50,0,0
11110GE  141800,0,0,0
11110HSS 315900,3,47,0
11110HSS 315700,5,35,0
11110GE  116800,6,44,0
11110HSS 211800,6,24,0
11110CL  151000,8,47,2
11110HSS 315600,9,21,0
11110GE  114800,10,40,1
11110HSS 312500,10,5,0
11110GE  112800,11,49,2
11110GE  119800,12,38,0
11110GE  145800,14,36,2
11110CL  280600,14,6,0
11110HSS 391700,15,15,0
11110GE  100800,16,34,1
11110HSS 356000,16,34,0
11110HSS 372900,18,22,2
11110HIS 111000,19,61,1
11110GE  144800,20,0,0
11110HSS 332100,21,4,1
11110FL  344500,23,7,1
11110HSS 110000,25,5,9
11110HSS 211700,25,0,0
11110GE  137600,34,16,1
11110GE  143800,42,18,1
11110HIS 260500,43,37,2
11110GE  131800,50,0,0
11110GE  115800,54,1,1
11110GE  132800,55,0,0
11110HIS 240200,85,0,0
11110HIS 233700,9,11,1
11110GEC 170401,30,20,1
11110HIS 233100,33,27,1
11110GEC 170202,44,16,0
11110GEC 160300,45,5,0
11110GEC 161300,45,5,2
11110GEC 170402,45,5,1
11110HIS 213100,47,13,4
11110GEC 161200,53,7,2
11110GEC 112400,53,7,2
11110GEC 111300,54,6,4
11110GEC 161500,54,6,1
11110GEC 170201,54,6,1
11110GEC 112100,54,6,3
11110GEC 170500,54,6,4
11110GEC 110700,54,6,0
11110GEC 110800,57,6,3
11110GEC 112300,57,18,1
11110GEC 110302,63,7,15
11110HIS 233300,70,0,0
11110GEC 110301,79,8,14
11110HIS 213000,120,0,0
11110HIS 232700,160,0,0
11110GEC 150201,16,34,4
11110GEC 150200,19,31,0
11110GEC 150700,27,3,0
11110GEC 150101,34,21,1
11110GEC 111502,44,6,10
11110GEC 150800,44,6,1
11110GEC 120301,45,5,3
11110GEC 120302,45,5,18
11110GEC 120303,45,5,13
11110GEC 120304,45,5,14
11110GEC 111501,45,5,7
11110GEC 111503,45,5,4
11110GEC 110500,53,7,5
11110GEC 150102,54,6,0
11110GEC 120100,54,6,8
11110GEC 120700,72,8,7
11110GEC 120200,89,11,7
11110GEC 150401,144,16,8
11110GEC 150402,144,16,11
11110LS  114300,199,41,11
11110GEC 130401,11,39,0
11110FL  350100,11,19,1
11110GEC 130800,30,20,0
11110GEC 130402,31,19,4
11110GEC 131100,33,17,0
11110GEC 161001,36,4,2
11110GEC 161002,36,4,1
11110GEC 131000,45,5,11
11110GEC 131400,45,5,2
11110GEC 130101,45,5,5
11110GEC 130102,45,5,2
11110GEC 160201,45,5,12
11110GEC 160100,45,5,2
11110GEC 162000,45,5,4
11110GEC 161100,45,5,2
11110GEC 131600,45,5,0
11110GEC 131301,45,5,7
11110GEC 131302,45,5,2
11110GEC 132000,45,5,3
11110GEC 160202,50,5,5
11110GEC 160600,54,6,0
11110GEC 131500,54,6,2
11110GEC 130700,54,6,3
11110GEC 131800,54,6,1
11110ECON100102,0,100,3
11110ECON100104,0,100,7
11110ECON100105,0,60,16
11110ECON100106,0,80,18
11110ECON100101,0,170,11
11110ECON100103,0,100,5
11110GEC 140201,16,34,1
11110GEC 140602,19,31,0
11110ECON221200,30,75,3
11110GEC 140202,31,19,0
11110GEC 140601,35,15,1
11110GEC 140401,45,5,5
11110GEC 140402,45,5,4
11110GEC 140403,45,5,5
11110GEC 120601,45,5,14
11110GEC 120602,45,5,12
11110GEC 140500,45,5,2
11110GEC 140300,54,6,6
11110GOM 600000,1,∞,0
11110GPTS511200,3,∞,0
11110GPTS511300,0,∞,0
11110GPTS511900,1,∞,0
11110GPTS521600,6,∞,0
11110GPTS522200,14,∞,0
11110GPTS600000,1,∞,0
11110HBA 500200,0,15,4
11110HBA 500300,0,15,4
11110HBA 500400,0,15,5
11110HBA 500800,14,1,0
11110HBA 500900,14,1,0
11110HIS 111000,19,61,1
11110HIS 213000,120,0,0
11110HIS 213100,47,13,4
11110HIS 231700,6,14,0
11110HIS 232700,160,0,0
11110HIS 233100,33,27,1
11110HIS 233300,70,0,0
11110HIS 233700,9,11,1
11110HIS 240200,85,0,0
11110HIS 260500,43,37,2
11110HIS 503600,7,∞,0
11110HIS 504000,8,∞,0
11110HIS 510000,6,∞,0
11110HIS 510300,9,∞,0
11110HIS 511800,11,∞,0
11110HIS 514700,9,6,2
11110HIS 610900,1,∞,0
11110HIS 680000,2,∞,0
11110HIS 700500,8,∞,0
11110HIS 800000,2,∞,0
11110HSS 100100,10,90,26
11110HSS 100300,80,0,0
11110HSS 101100,35,45,15
11110HSS 110000,25,5,9
11110HSS 140000,13,87,22
11110HSS 150000,68,16,18
11110HSS 200300,60,∞,0
11110HSS 202500,24,1,3
11110HSS 211700,25,0,0
11110HSS 211800,6,24,0
11110HSS 220000,20,40,0
11110HSS 220300,19,41,0
11110HSS 221300,8,17,1
11110HSS 230000,20,∞,0
11110HSS 230100,31,∞,0
11110HSS 230200,11,19,0
11110HSS 240100,40,0,0
11110HSS 240200,29,1,2
11110HSS 250300,15,0,0
11110HSS 251700,5,∞,0
11110HSS 270000,37,63,2
11110HSS 290000,30,0,0
11110HSS 291000,11,19,0
11110HSS 291400,20,0,0
11110HSS 291700,25,0,0
11110HSS 300600,51,∞,0
11110HSS 301400,20,0,0
11110HSS 310400,15,0,0
11110HSS 311900,0,60,3
11110HSS 312500,10,5,0
11110HSS 315600,9,21,0
11110HSS 315700,5,35,0
11110HSS 315800,4,26,0
11110HSS 315900,3,47,0
11110HSS 316000,6,54,0
11110HSS 316200,9,41,0
11110HSS 320700,19,41,1
11110HSS 320800,6,14,0
11110HSS 321700,21,29,0
11110HSS 322800,11,44,0
11110HSS 324300,19,11,2
11110HSS 331700,17,8,0
11110HSS 331800,0,∞,0
11110HSS 332100,21,4,1
11110HSS 340100,30,20,0
11110HSS 341000,29,∞,0
11110HSS 342600,9,31,0
11110HSS 344300,0,25,3
11110HSS 348400,20,0,0
11110HSS 350800,18,12,0
11110HSS 351300,3,∞,0
11110HSS 351700,21,29,0
11110HSS 352000,25,0,0
11110HSS 352600,24,1,1
11110HSS 356000,16,34,0
11110HSS 360200,8,∞,0
11110HSS 371200,11,19,1
11110HSS 372900,18,22,2
11110HSS 380200,0,∞,0
11110HSS 382500,12,13,0
11110HSS 391700,15,15,0
11110HSS 392200,20,0,0
11110HSS 392700,20,0,0
11110HSS 400000,7,∞,0
11110HSS 490200,25,0,0
11110IACS500000,0,∞,0
11110IACS500400,1,19,0
11110IACU585200,1,∞,0
11110IBP 100100,5,30,3
11110IBP 100201,2,18,2
11110IBP 100202,4,12,2
11110IBP 100301,0,20,2
11110IBP 100302,6,∞,0
11110IBP 100500,4,31,1
11110IBP 100600,3,27,3
11110IBP 101500,35,0,0
11110IBP 102100,0,15,0
11110IBP 102300,25,10,0
11110IBP 102400,7,18,0
11110IBP 201400,26,∞,0
11110IBP 201500,24,1,1
11110IBP 201701,15,0,0
11110IBP 201702,14,1,1
11110IBP 300100,8,27,1
11110IBP 301000,11,24,0
11110IBP 401200,9,∞,0
11110IBP 402000,17,8,0
11110IBP 403000,17,23,0
11110ICMS500200,4,∞,0
11110ICMS500300,0,28,1
11110ICMS510200,1,17,0
11110ICMS510400,1,17,1
11110ICMS510800,2,26,0
11110ICMS540400,0,18,0
11110ICMS550200,0,28,0
11110ICMS550800,0,28,1
11110ICMS551200,2,26,0
11110ICMS650200,1,27,1
11110IEEM101000,0,80,15
11110IEEM202101,60,0,0
11110IEEM202102,8,52,0
11110IEEM203000,60,0,0
11110IEEM203002,20,40,0
11110IEEM207000,50,0,0
11110IEEM208000,80,0,0
11110IEEM281000,80,0,0
11110IEEM301000,80,0,0
11110IEEM303000,80,0,0
11110IEEM305000,80,0,0
11110IEEM305400,48,7,0
11110IEEM318100,50,0,0
11110IEEM401000,0,0,0
11110IEEM480000,25,25,0
11110IEEM491100,50,0,0
11110IEEM500000,15,84,30
11110IEEM510300,7,43,9
11110IEEM510400,14,36,2
11110IEEM510800,0,0,0
11110IEEM510900,25,25,5
11110IEEM512700,10,20,10
11110IEEM513500,22,28,16
11110IEEM523700,6,44,12
11110IEEM523900,2,48,11
11110IEEM524900,1,49,7
11110IEEM531100,11,39,10
11110IEEM536900,29,21,18
11110IEEM538000,5,45,9
11110IEEM538100,6,24,2
11110IEEM543000,7,43,13
11110IEEM552300,17,33,7
11110IEEM560600,9,41,9
11110IEEM580000,26,24,8
11110IEEM600000,76,∞,0
11110IEEM700000,3,∞,0
11110IEEM710100,9,21,0
11110IEM 500000,12,∞,0
11110IEM 560200,26,14,16
11110IEM 560500,1,44,25
11110IEM 561300,15,35,16
11110IIS 500000,0,0,0
11110IIS 500200,167,∞,0
11110IIS 690000,22,∞,0
11110IMBA400100,10,8,4
11110IMBA400200,18,7,5
11110IMBA500000,8,∞,0
11110IMBA500600,13,17,1
11110IMII600000,3,∞,0
11110IMS 500200,4,∞,0
11110IMS 501700,17,∞,0
11110IMS 501800,0,0,0
11110IMS 530000,0,∞,0
11110IMS 600000,0,∞,0
11110IPE 100300,0,60,10
11110IPHD400100,0,0,0
11110IPHD410000,0,0,0
11110IPHD501300,0,0,0
11110IPHD601400,5,10,0
11110IPHD700100,15,25,0
11110IPHD700200,0,∞,0
11110IPHD710000,2,8,1
11110IPHD710500,0,∞,0
11110IPHD750000,1,∞,0
11110IPHD800000,7,∞,0
11110IPIM600000,0,∞,0
11110IPNS300100,0,∞,0
11110IPNS400000,14,∞,0
11110IPNS401000,4,∞,0
11110IPT 510000,33,∞,0
11110IPT 514000,9,49,22
11110IPT 514200,3,17,21
11110IPT 514300,0,20,0
11110IPT 516000,2,38,9
11110IPT 518000,1,39,3
11110IPT 533000,3,27,5
11110IPT 534100,0,50,0
11110IPT 543000,1,39,4
11110IPT 546000,1,49,1
11110IPT 552000,3,27,10
11110IPT 553000,13,7,5
11110IPT 561000,3,22,1
11110IPT 591000,15,120,21
11110IPT 620000,0,0,0
11110IPT 692000,0,51,2
11110IPT 710000,1,∞,0
11110IPT 720000,0,0,0
11110IPTH100100,9,∞,0
11110IPTH100800,0,90,32
11110IPTH101100,0,0,0
11110IPTH101300,0,0,0
11110IPTH201100,0,0,0
11110IPTH202100,0,0,0
11110IPTH202200,0,0,0
11110IPTH203100,0,0,0
11110IPTH203200,0,0,0
11110IPTH204100,0,0,0
11110IPTH205100,0,0,0
11110IPTH205200,0,0,0
11110ISA 536200,65,10,15
11110ISA 543100,49,1,13
11110ISA 556000,25,0,0
11110ISA 556100,90,0,0
11110ISA 557900,25,5,8
11110ISA 560100,12,8,4
11110ISA 562100,40,0,0
11110ISA 565100,38,∞,0
11110ISA 581000,103,17,25
11110ISA 590100,0,0,0
11110ISA 591100,0,0,0
11110ISA 612000,39,1,8
11110ISA 683000,20,22,4
11110ISA 683200,30,0,0
11110ISA 690000,43,∞,0
11110ISA 890000,6,∞,0
11110ISS 406600,50,0,0
11110ISS 500000,24,∞,0
11110ISS 500100,11,∞,0
11110ISS 500200,20,1,0
11110ISS 506000,15,∞,0
11110ISS 506500,20,0,0
11110ISS 506700,25,0,0
11110ISS 506800,11,1,0
11110ISS 507000,11,19,4
11110ISS 507200,15,0,0
11110ISS 508600,17,8,2
11110ISS 508700,2,28,1
11110ISS 509000,20,0,0
11110ISS 509200,20,0,0
11110ISS 509400,25,15,0
11110ISS 509900,8,∞,0
11110ISS 700000,3,∞,0
11110ISS 700400,2,∞,0
11110JAC 100101,0,80,12
11110JAC 100102,0,40,5
11110JAC 100103,5,35,13
11110JAC 100200,3,97,24
11110JAC 100300,4,96,13
11110JAD 110100,0,50,16
11110JAD 120100,0,50,12
11110JAD 120200,0,50,12
11110JAD 120300,0,50,10
11110JAD 120400,0,50,10
11110JAD 125100,1,49,9
11110JAD 130100,1,49,10
11110JAD 130200,3,47,10
11110JAD 139700,0,40,8
11110JAD 210200,32,18,0
11110JAD 210300,45,5,1
11110JAD 225400,24,26,0
11110JAD 226200,18,32,0
11110JAD 226300,8,32,0
11110JAD 226400,24,11,0
11110JAD 226500,24,11,0
11110JAD 226600,8,27,0
11110JAD 226700,23,17,0
11110JAD 226800,20,20,0
11110JAD 230500,41,9,0
11110JAD 230600,45,0,0
11110JAD 235200,16,9,0
11110JAD 235300,20,15,0
11110JAD 235400,30,5,0
11110JAD 235500,28,7,0
11110JAD 238700,25,20,0
11110JAD 310600,39,1,0
11110JAD 321200,35,15,0
11110JAD 325700,11,39,0
11110JAD 327600,22,18,0
11110JAD 327700,31,9,0
11110JAD 327800,8,17,0
11110JAD 327900,18,32,0
11110JAD 328000,10,30,0
11110JAD 328100,21,19,0
11110JAD 328300,34,16,0
11110JAD 330900,34,6,0
11110JAD 331000,40,0,0
11110JAD 336200,12,0,0
11110JAD 336300,13,7,0
11110JAD 336400,10,10,0
11110JAD 336500,7,13,0
11110JAD 337200,14,21,0
11110JAD 337300,10,25,0
11110JAD 337400,12,23,0
11110JAD 337500,4,21,0
11110JAD 339000,28,7,0
11110JAD 339100,29,11,0
11110JAD 339200,24,16,0
11110JAD 345500,10,20,0
11110JAD 421300,35,5,0
11110JAD 425900,19,26,0
11110JAD 429400,26,24,0
11110JAD 431300,40,0,0
11110JAD 431400,40,0,0
11110JAD 438100,9,16,0
11110JAD 438200,10,20,0
11110JAD 438300,12,13,0
11110JAD 438400,8,27,0
11110JAD 438500,3,27,0
11110JAD 442600,31,29,0
11110JAD 510100,3,9,2
11110JAD 510200,3,12,3
11110JAD 515100,1,11,2
11110JAD 515200,3,9,2
11110JAD 515300,2,10,2
11110JAD 515500,3,9,1
11110JAD 515700,4,8,1
11110JAD 520100,0,20,1
11110JAD 525100,7,13,0
11110JAD 525400,0,12,0
11110JAD 525500,2,10,0
11110JAD 530100,0,18,4
11110JAD 530200,0,18,3
11110JAD 535400,0,20,3
11110JAD 536900,6,19,2
11110JAD 610000,7,∞,0
11110JAD 610400,11,1,1
11110JAD 616000,4,8,1
11110JAD 616400,10,8,2
11110JAD 625800,1,11,1
11110JAD 625900,4,16,1
11110JAD 626000,3,17,0
11110JAD 626200,1,19,1
11110JAD 626300,3,12,0
11110JANT510100,0,20,3
11110JANT510200,0,20,3
11110JANT510300,0,12,3
11110JANT520100,0,15,1
11110JITA110800,3,32,4
11110JITA111000,4,31,0
11110JITA210900,20,10,0
11110JITA211000,25,5,0
11110JITA211300,26,9,0
11110JITA220100,17,3,0
11110JITA220200,8,7,0
11110JITA220700,18,17,1
11110JITA230700,5,25,2
11110JITA230800,7,23,0
11110JITA310100,12,18,0
11110JITA320200,14,16,0
11110JITA320400,8,0,0
11110JITA320500,8,0,0
11110JITA320600,8,0,0
11110JITA330200,18,12,1
11110JITA410100,23,∞,0
11110JMU 100101,0,0,0
11110JMU 100102,0,0,0
11110JMU 100103,0,0,0
11110JMU 100301,0,0,0
11110JMU 100302,0,0,0
11110JMU 100700,8,17,0
11110JMU 100800,118,∞,0
11110JMU 101300,3,17,3
11110JMU 101500,7,13,1
11110JMU 102100,73,∞,0
11110JMU 102300,25,∞,0
11110JMU 102500,31,∞,0
11110JMU 102701,15,∞,0
11110JMU 102702,31,∞,0
11110JMU 102900,9,∞,0
11110JMU 103100,14,26,0
11110JMU 103300,4,6,1
11110JMU 104100,7,8,0
11110JMU 104501,0,0,0
11110JMU 104502,0,0,0
11110JMU 104503,0,0,0
11110JMU 104504,0,0,0
11110JMU 104505,0,0,0
11110JMU 104600,4,36,0
11110JMU 104700,2,38,0
11110JMU 104900,7,33,0
11110JMU 200101,20,20,0
11110JMU 200102,14,26,0
11110JMU 200300,26,14,0
11110JMU 200500,38,2,0
11110JMU 200700,43,7,1
11110JMU 201300,12,4,0
11110JMU 201800,18,2,1
11110JMU 201900,8,32,0
11110JMU 202300,8,12,0
11110JMU 202500,7,33,0
11110JMU 203700,18,22,0
11110JMU 300100,36,4,0
11110JMU 300500,40,0,0
11110JMU 301300,13,27,0
11110JMU 301400,12,33,0
11110JMU 301600,40,10,1
11110JMU 301700,14,16,0
11110JMU 301800,15,10,0
11110JMU 302200,12,28,0
11110JMU 302700,6,24,1
11110JMU 303400,2,38,0
11110JMU 303601,14,1,0
11110JMU 303602,15,0,0
11110JMU 304100,8,7,0
11110JMU 400100,40,0,0
11110JMU 400500,12,28,0
11110JMU 400700,10,30,1
11110JMU 401700,11,∞,0
11110JMU 402100,0,0,0
11110JMU 402300,27,13,4
11110JMU 500900,25,∞,0
11110JMU 501000,11,29,3
11110JMU 501600,7,8,1
11110JMU 502300,14,6,4
11110JMU 503300,13,27,2
11110JMU 503900,4,21,2
11110JMU 504500,15,∞,0
11110JMU 504600,6,14,3
11110JMU 505800,6,9,1
11110JMU 505900,0,0,0
11110JMUN503000,0,∞,0
11110KCSN600700,0,35,0
11110KEC 405100,1,49,0
11110KEC 500300,10,30,3
11110KEC 500400,3,47,2
11110KEC 500800,2,46,2
11110KEC 500900,7,43,0
11110KEC 502400,3,37,1
11110KEC 502900,22,13,3
11110KEC 503100,14,36,2
11110KEC 602200,7,43,1
11110KEC 602500,18,∞,0
11110KEC 602800,2,48,2
11110KEC 603500,10,30,2
11110KECN500200,0,35,1
11110KECN500500,6,44,1
11110KECN501300,6,42,0
11110KECN502600,9,6,1
11110KECN602000,11,∞,0
11110KECN602100,7,8,1
11110KEE 100100,5,50,11
11110KEE 100200,2,53,13
11110KEE 100300,1,54,11
11110KEE 100500,1,47,8
11110KEE 101500,0,50,8
11110KEE 200100,44,4,0
11110KEE 200200,45,3,0
11110KEE 200400,4,41,1
11110KEE 200900,42,13,0
11110KEE 201900,16,29,0
11110KEE 202400,3,∞,0
11110KEE 300100,44,6,0
11110KEE 300300,39,9,0
11110KEE 300600,39,6,3
11110KEE 301000,26,19,0
11110KEE 301700,29,16,0
11110KEE 302000,26,22,1
11110KEE 302400,8,∞,0
11110KEE 400100,33,17,0
11110KEE 400200,48,0,0
11110KEE 400301,6,34,0
11110KEE 400302,31,1,0
11110KEE 400700,32,18,0
11110KEE 401100,6,∞,0
11110KEE 401300,33,17,0
11110KEE 500100,4,16,2
11110KEE 500200,4,16,1
11110KEE 500300,2,16,3
11110KEE 500800,7,∞,0
11110KEE 500900,11,14,1
11110KEE 501400,3,15,0
11110KEE 600100,1,∞,0
11110KEE 601800,9,9,1
11110KEEN500800,16,∞,0
11110KEEN510100,0,25,6
11110KEEN510200,0,25,7
11110KEEN510300,12,6,1
11110KEEN600100,4,∞,0
11110KEEN601000,13,12,5
11110KEEN601800,10,15,2
11110KEL 143000,0,20,5
11110KEL 150000,3,45,9
11110KEL 160000,3,45,9
11110KEL 180100,2,48,7
11110KEL 182000,3,45,8
11110KEL 210000,45,0,0
11110KEL 210100,45,0,0
11110KEL 222000,28,18,1
11110KEL 223000,28,20,2
11110KEL 230000,18,30,1
11110KEL 255000,34,1,1
11110KEL 271100,45,0,0
11110KEL 280000,12,36,0
11110KEL 284000,20,30,1
11110KEL 313000,10,40,0
11110KEL 330000,16,32,0
11110KEL 332000,5,30,0
11110KEL 340000,43,0,0
11110KEL 341100,15,35,0
11110KEL 342000,8,40,1
11110KEL 355100,5,30,0
11110KEL 362000,1,47,0
11110KEL 372000,1,29,0
11110KEL 381100,11,29,0
11110KEL 412100,0,48,0
11110KEL 422000,13,35,1
11110KEL 440000,39,9,0
11110KEL 442000,3,43,0
11110KEL 443000,12,36,0
11110KEL 443300,5,43,0
11110KEL 453200,9,26,0
11110KEL 462000,1,∞,0
11110KEL 463601,13,3,0
11110KEL 463602,16,0,0
11110KEL 500500,6,29,2
11110KEL 501300,8,12,0
11110KEL 502300,10,15,5
11110KEL 502600,15,10,2
11110KEL 600000,19,∞,0
11110KEL 600800,6,9,1
11110KEL 700100,3,17,1
11110KEL 702800,4,31,0
11110KEL 703100,6,29,2
11110KEL 703200,1,14,0
11110KEL 703300,4,16,4
11110KEL 704300,8,12,3
11110KEL 704400,4,21,0
11110KEL 800000,6,∞,0
11110KEL 801100,13,12,2
11110KEL 801700,22,13,1
11110KEL 801800,4,21,0
11110KEL 801900,1,9,0
11110KEL 804000,10,10,3
11110KEL 804600,8,17,0
11110KEL 805100,3,22,3
11110KEL 806300,4,16,0
11110KELN500200,0,30,10
11110KELN500300,0,30,9
11110KELN501401,8,17,5
11110KELN502000,12,13,4
11110KELN502500,26,9,4
11110KELN505100,0,28,3
11110KELN505200,0,28,3
11110KELN506500,7,18,3
11110KELN510400,4,21,5
11110KELN510500,4,21,4
11110KELN510600,9,16,4
11110KELN511400,4,21,2
11110KELN511900,2,23,1
11110KELN512400,14,11,5
11110KELN600000,45,∞,0
11110KELN600500,20,5,0
11110KELN605900,8,17,3
11110KELN606800,8,17,3
11110KELN610300,3,22,2
11110KELN610800,23,2,3
11110KELN612000,9,11,2
11110KENI100100,0,55,9
11110KENI110200,0,48,9
11110KENI110600,4,51,9
11110KENI130400,7,48,5
11110KENI130900,7,48,5
11110KENI200300,31,24,0
11110KENI210700,41,14,1
11110KENI220100,37,18,1
11110KENI231000,17,31,0
11110KENI231200,15,40,0
11110KENI231300,18,37,0
11110KENI231800,32,23,1
11110KENI320300,42,13,0
11110KENI331800,30,25,0
11110KENI331900,24,24,0
11110KENI332100,31,24,0
11110KENI340600,26,29,1
11110KENI420600,29,19,0
11110KENI420700,27,28,0
11110KENI432400,9,46,0
11110KENI432500,12,43,0
11110KENI441100,13,35,0
11110KENI510100,3,12,5
11110KENI530100,4,11,4
11110KENI540100,5,10,5
11110KENI620600,7,8,2
11110KENI620700,8,7,5
11110KENI630300,0,15,0
11110KENI640000,1,∞,0
11110KHCT100400,4,176,37
11110KHCT101500,4,16,0
11110KHCT401600,10,10,0
11110KHCT401800,5,25,0
11110KHCT500101,4,16,6
11110KHCT500102,14,6,11
11110KHCT500201,7,18,12
11110KHCT500202,8,17,9
11110KHCT500203,3,15,1
11110KHCT500204,5,17,11
11110KHCT500205,0,48,3
11110KHCT500206,0,15,1
11110KIPE100100,6,34,1
11110KIPE101100,11,29,2
11110KIPE101300,5,35,6
11110KIPE101400,13,32,2
11110KIPE120100,2,48,5
11110KIPE121300,3,47,1
11110KIPE121700,6,44,0
11110KIPE124100,2,48,1
11110KIPE221900,5,45,0
11110KIPE224500,5,41,0
11110KIPE225000,6,44,0
11110KIPE300100,44,11,0
11110KIPE300400,3,37,0
11110KIPE323100,5,45,0
11110KIPE423400,7,43,0
11110KLST500000,12,∞,0
11110KLST510101,6,19,6
11110KLST520100,9,∞,0
11110KLST610100,7,9,1
11110KLST610400,8,7,2
11110KLST610500,7,∞,0
11110KLST610600,4,∞,0
11110KLST620100,9,11,1
11110KLST620600,12,4,4
11110KLST620900,1,5,0
11110KLST621100,0,16,0
11110KLST630300,4,12,0
11110KLST630700,1,15,0
11110KLST640100,2,18,4
11110KLST640200,12,4,2
11110KLST640300,5,11,1
11110KLST640400,8,∞,0
11110KLST640600,10,6,0
11110KMS 500100,4,38,2
11110KMS 510100,1,44,1
11110KMS 510200,15,30,0
11110KMS 520400,4,38,1
11110KMS 520700,14,31,0
11110KMS 521300,10,35,1
11110KMS 521400,5,40,1
11110KMS 540800,10,35,1
11110KMS 600500,17,∞,0
11110KMS 610100,1,41,1
11110KMS 610200,11,31,0
11110KMS 610300,5,37,0
11110KMS 621200,11,31,1
11110KMS 630800,6,36,1
11110KMS 631400,4,38,0
11110KMSN500100,0,42,1
11110KMSN531100,11,34,1
11110KMSN600500,16,∞,0
11110KMSN621000,5,37,1
11110KMSN630200,5,37,0
11110KPC 110000,29,41,19
11110KPC 120000,10,45,22
11110KPC 172000,4,16,9
11110KPC 172100,5,20,12
11110KPC 172200,5,15,7
11110KPC 180200,10,15,10
11110KPC 210300,55,0,0
11110KPC 210400,30,0,0
11110KPC 232000,30,0,0
11110KPC 242000,30,0,0
11110KPC 243100,30,0,0
11110KPC 262200,30,0,0
11110KPC 262400,33,7,3
11110KPC 282100,24,1,0
11110KPC 310500,50,0,0
11110KPC 320300,40,0,0
11110KPC 322000,15,0,0
11110KPC 332700,20,0,0
11110KPC 342500,16,0,0
11110KPC 352200,15,0,0
11110KPC 362600,14,6,0
11110KPC 363000,31,0,0
11110KPC 372600,23,2,0
11110KPC 442900,9,11,0
11110KPC 452500,20,0,0
11110KPC 452800,20,0,0
11110KPC 463300,9,4,0
11110KPC 463800,13,7,0
11110KPC 472800,6,9,0
11110KPC 482400,25,5,0
11110KPC 523000,4,12,3
11110KPC 542000,1,21,5
11110KPC 552000,1,24,4
11110KPC 562900,2,8,8
11110KPC 563200,2,8,0
11110KPC 564400,4,9,7
11110KPC 582000,20,0,0
11110KPC 590100,16,∞,0
11110KPC 642401,11,0,0
11110KPC 642402,11,1,0
11110KPC 643301,9,1,0
11110KPC 643302,7,5,0
11110KPC 664200,9,6,3
11110KPC 712000,15,0,0
11110KPC 720100,4,41,17
11110KPC 734200,10,0,0
11110KPC 752000,6,4,1
11110KPC 762200,5,10,5
11110KPC 764000,5,10,8
11110KPC 834300,5,3,1
11110KPC 842900,10,0,0
11110KPC 852400,6,4,0
11110KPC 890200,2,13,1
11110KPC 890400,2,∞,0
11110KPCN522000,5,20,7
11110KPCN522100,0,10,1
11110KPCN522600,7,7,0
11110KPCN542000,5,20,5
11110KPCN542600,15,0,0
11110KPCN542800,12,0,0
11110KPCN543900,9,1,2
11110KPCN552000,10,10,2
11110KPCN562100,5,10,1
11110KPCN563200,7,5,1
11110KPCN572000,12,12,3
11110KPCN590100,15,∞,0
11110KSEN500200,0,20,3
11110KSEN500700,11,13,2
11110KSEN600100,13,∞,0
11110KSEN600200,2,∞,0
11110KSN 500100,0,25,0
11110KSN 500200,0,25,0
11110KSN 500300,0,25,0
11110KSN 500400,0,25,0
11110KSN 500500,0,25,0
11110KSPE110200,6,49,11
11110KSPE110300,8,47,16
11110KSPE110800,2,48,11
11110KSPE111000,1,47,9
11110KSPE130100,6,49,19
11110KSPE130500,13,42,18
11110KSPE150800,0,30,7
11110KSPE210900,39,16,4
11110KSPE211300,12,38,0
11110KSPE211900,41,14,2
11110KSPE212900,5,45,0
11110KSPE221400,41,14,0
11110KSPE230200,40,10,0
11110KSPE250200,15,35,0
11110KSPE311500,31,19,0
11110KSPE311700,26,24,0
11110KSPE312500,22,28,1
11110KSPE313000,8,42,0
11110KSPE313100,14,36,0
11110KSPE320500,16,34,1
11110KSPE321200,11,39,0
11110KSPE340900,23,27,0
11110KSPE350700,9,41,2
11110KSPE430300,36,19,0
11110KSPE430601,11,7,0
11110KSPE430602,18,0,0
11110KSPE441200,25,0,0
11110KSPE441300,32,18,1
11110KSPE510200,4,20,4
11110KSPE520100,10,10,1
11110KSPE521000,5,9,0
11110KSPE610200,14,26,0
11110KSPE620500,10,10,1
11110KSS 100101,3,37,3
11110KSS 100102,2,38,12
11110KSS 102000,67,∞,0
11110KSS 110000,1,39,13
11110KSS 110100,3,57,12
11110KSS 110201,1,39,3
11110KSS 110202,1,39,4
11110KSS 110301,0,40,3
11110KSS 110302,0,40,3
11110KSS 110401,0,40,2
11110KSS 110501,0,40,2
11110KSS 110502,3,37,4
11110KSS 110602,0,20,1
11110KSS 110700,5,40,4
11110KSS 200801,13,27,0
11110KSS 200802,7,33,0
11110KSS 200900,13,27,0
11110KSS 201001,12,10,0
11110KSS 201002,2,20,0
11110KSS 210101,30,15,0
11110KSS 210102,9,31,0
11110KSS 230200,6,34,0
11110KSS 280000,19,11,0
11110KSS 280100,7,33,0
11110KSS 281301,9,16,0
11110KSS 281302,5,20,0
11110KSS 281501,19,17,0
11110KSS 281502,2,34,0
11110KSS 281600,8,12,0
11110KSS 300500,4,41,0
11110KSS 300801,5,19,0
11110KSS 300802,3,21,0
11110KSS 301000,9,36,0
11110KSS 301100,15,30,0
11110KSS 301500,13,32,0
11110KSS 301600,13,22,0
11110KSS 302000,6,39,0
11110KSS 302200,17,23,0
11110KSS 302300,13,27,0
11110KSS 320000,23,∞,0
11110KSS 355501,19,26,0
11110KSS 355502,7,33,0
11110KSS 355600,2,∞,0
11110KSS 355800,14,46,0
11110KSS 356000,45,∞,0
11110KSS 380400,18,22,0
11110KSS 400100,5,35,0
11110KSS 400300,5,35,0
11110KSS 401100,9,31,0
11110KSS 401200,6,34,0
11110KSS 401500,13,12,0
11110KSS 401600,0,20,0
11110KSS 500300,3,17,0
11110KSS 500400,4,11,5
11110KSS 500500,0,20,3
11110KSS 500700,1,19,0
11110KSS 505000,1,19,5
11110KSS 511300,4,16,3
11110KSS 600100,6,9,0
11110KSS 600200,1,14,1
11110KSS 600300,2,13,4
11110KSS 600600,4,16,0
11110KSS 600700,2,18,0
11110KSS 670000,9,∞,0
11110KSSN510200,1,19,2
11110KSSN510500,2,18,2
11110KSSN510800,7,13,0
11110KSSN510900,0,20,2
11110KSSN511000,8,12,0
11110KSSN513500,4,16,0
11110KSSN523900,10,10,0
11110KSSN610000,1,19,1
11110KSSN632100,7,8,0
11110KSSN680000,8,∞,0
11110KTLT112300,11,9,0
11110KTLT122300,11,4,1
11110KTLT131100,8,8,0
11110KTLT132300,4,21,0
11110KTLT133000,2,14,0
11110KTLT150100,2,23,0
11110KTLT150200,2,23,0
11110KTLT500200,10,10,3
11110KTLT501000,5,15,2
11110KTLT600000,1,∞,0
11110KTLT600100,9,7,1
11110KTLT600200,0,16,0
11110KTLT710500,2,13,0
11110KTLT712300,3,13,2
11110KTLT720800,10,0,0
11110KTLT721200,3,9,0
11110KTLT722300,3,9,2
11110KTLT722500,8,8,1
11110KTLT722600,4,12,1
11110KTLT730900,7,3,0
11110KTLT731200,3,7,0
11110KTLT740600,6,9,2
11110KTLT800000,0,∞,0
11110KWEN520100,0,0,0
11110KWEN520200,0,0,0
11110LANG101001,0,32,6
11110LANG101002,0,32,7
11110LANG101003,0,0,0
11110LANG101004,0,0,0
11110LANG101005,0,0,0
11110LANG101006,0,32,12
11110LANG101007,0,32,11
11110LANG101008,0,35,2
11110LANG101009,0,0,0
11110LANG101011,0,0,0
11110LANG101012,0,32,5
11110LANG101013,0,32,6
11110LANG101014,0,32,3
11110LANG101015,28,4,1
11110LANG101016,0,32,6
11110LANG101017,0,32,6
11110LANG101018,0,32,6
11110LANG101019,0,32,9
11110LANG101020,0,32,12
11110LANG101021,0,32,2
11110LANG101101,0,32,8
11110LANG101102,0,32,9
11110LANG101103,0,0,0
11110LANG101104,0,32,3
11110LANG101105,0,32,7
11110LANG101201,0,33,13
11110LANG101202,0,33,17
11110LANG101203,0,33,18
11110LANG103001,0,35,14
11110LANG103002,0,35,17
11110LANG103003,0,35,14
11110LANG103004,0,35,16
11110LANG103005,0,35,6
11110LANG103006,0,35,3
11110LANG103007,0,35,3
11110LANG103008,0,35,3
11110LANG103010,0,30,11
11110LANG103011,0,30,12
11110LANG103012,0,30,12
11110LANG103013,0,30,4
11110LANG103014,0,30,6
11110LANG103015,0,30,6
11110LANG103018,15,15,2
11110LANG103019,0,35,10
11110LANG103020,0,35,9
11110LANG103021,0,35,7
11110LANG103022,0,35,5
11110LANG103023,0,35,9
11110LANG103030,0,30,6
11110LANG103031,0,30,8
11110LANG103032,0,30,9
11110LANG103033,0,30,4
11110LANG103034,0,30,10
11110LANG103035,0,30,7
11110LANG103037,0,32,15
11110LANG103038,0,32,12
11110LANG103039,0,32,11
11110LANG103040,0,32,9
11110LANG103051,0,30,7
11110LANG103052,0,30,5
11110LANG103053,0,30,8
11110LANG103054,0,30,6
11110LANG103061,0,30,2
11110LANG200002,16,8,0
11110LANG200003,20,10,0
11110LANG200004,20,10,0
11110LANG200005,11,5,0
11110LANG200006,20,10,0
11110LANG200007,16,8,0
11110LANG200021,6,18,0
11110LANG200022,20,10,0
11110LANG200023,20,10,0
11110LANG200024,11,5,0
11110LANG200025,20,10,0
11110LANG200026,9,7,0
11110LANG200027,13,17,0
11110LANG200031,20,10,1
11110LANG200032,20,10,0
11110LANG200033,11,5,0
11110LANG200034,20,10,0
11110LANG200035,19,11,0
11110LANG200036,13,7,0
11110LANG200041,20,10,0
11110LANG200042,8,8,0
11110LANG200043,20,10,0
11110LANG200044,10,6,0
11110LANG200045,20,4,0
11110LANG200046,20,10,0
11110LANG200047,20,10,0
11110LANG200048,12,8,0
11110LANG200049,19,11,0
11110LANG200061,16,8,0
11110LANG200062,20,10,0
11110LANG200063,11,5,0
11110LANG200064,0,0,0
11110LANG200065,0,0,0
11110LANG200066,0,0,0
11110LANG200067,15,9,0
11110LANG200068,16,8,0
11110LANG200069,16,8,0
11110LANG200070,0,10,0
11110LANG500001,5,19,3
11110LANG500002,0,20,0
11110LANG500003,15,0,0
11110LANG500004,3,21,2
11110LANG500005,3,21,2
11110LANG500006,15,0,0
11110LANG500007,0,20,0
11110LANG500008,6,9,3
11110LANG500009,12,3,0
11110LANG500010,7,17,2
11110LANG500011,1,19,0
11110LANG500012,9,11,0
11110LANG500013,0,24,2
11110LANG500014,7,8,3
11110LE  120100,13,22,0
11110LE  120200,13,22,0
11110LE  130101,16,44,1
11110LE  130102,15,45,0
11110LE  140100,18,12,1
11110LE  150200,6,24,0
11110LE  230100,5,30,0
11110LING500100,7,∞,0
11110LING500300,7,∞,0
11110LING500500,7,∞,0
11110LING500700,4,∞,0
11110LING576100,10,∞,0
11110LING600100,7,∞,0
11110LING700100,1,∞,0
11110LING700700,6,∞,0
11110LING701900,3,∞,0
11110LING703300,1,∞,0
11110LING703400,3,∞,0
11110LING703500,5,∞,0
11110LING703600,7,∞,0
11110LING703700,1,∞,0
11110LING703800,4,∞,0
11110LS  110301,20,30,1
11110LS  110302,6,44,1
11110LS  114300,199,41,11
11110LS  192100,11,∞,0
11110LS  214100,17,∞,0
11110LS  214500,0,0,0
11110LS  284100,10,∞,0
11110LS  314100,0,0,0
11110LS  314500,20,0,0
11110LS  315200,23,∞,0
11110LS  322100,56,34,0
11110LS  330300,52,∞,0
11110LS  340100,70,∞,0
11110LS  344300,8,2,0
11110LS  374500,38,32,1
11110LS  382201,12,12,1
11110LS  382202,10,14,0
11110LS  383100,13,∞,0
11110LS  390101,11,1,0
11110LS  390102,11,1,0
11110LS  390103,12,0,0
11110LS  390104,12,0,0
11110LS  390105,12,0,0
11110LS  464300,30,0,0
11110LS  473200,40,∞,0
11110LS  474100,20,∞,0
11110LS  482100,24,0,0
11110LS  545700,6,24,0
11110LSBI700200,0,∞,0
11110LSBS524500,3,∞,0
11110LSBS525100,0,0,0
11110LSBS545600,0,0,0
11110LSBS545800,0,0,0
11110LSBS554500,4,∞,0
11110LSBS564300,0,10,3
11110LSBS565200,0,0,0
11110LSBS566100,0,0,0
11110LSBS567500,0,0,0
11110LSBS567700,0,0,0
11110LSBS567900,0,0,0
11110LSBS590101,0,13,4
11110LSBS590102,1,12,4
11110LSBS590300,19,21,7
11110LSBS600200,5,∞,0
11110LSBS652100,9,∞,0
11110LSBS700200,0,∞,0
11110LSBS790101,3,7,0
11110LSBS790102,3,7,0
11110LSBS790300,2,8,0
11110LSBT505200,11,9,8
11110LSBT525300,0,0,0
11110LSBT525500,0,0,0
11110LSBT544900,0,0,0
11110LSBT545500,0,0,0
11110LSBT573100,0,0,0
11110LSBT575300,8,∞,0
11110LSBT576500,0,0,0
11110LSBT576700,8,∞,0
11110LSBT584500,0,0,0
11110LSBT590101,2,11,2
11110LSBT590102,0,13,1
11110LSBT590300,12,28,5
11110LSBT594200,49,∞,0
11110LSBT600200,9,∞,0
11110LSBT674100,0,0,0
11110LSBT674300,3,∞,0
11110LSBT674500,23,∞,0
11110LSBT700200,4,∞,0
11110LSBT790101,0,10,0
11110LSBT790102,2,8,2
11110LSBT790300,6,4,0
11110LSC 110100,40,∞,0
11110LSC 230100,129,∞,0
11110LSC 404000,16,∞,0
11110LSIP181100,7,23,5
11110LSIP391100,10,0,0
11110LSIP391101,5,5,0
11110LSIP391102,4,6,0
11110LSMC510700,0,0,0
11110LSMC515200,0,0,0
11110LSMC516100,0,0,0
11110LSMC524900,0,0,0
11110LSMC525500,0,0,0
11110LSMC534500,6,∞,0
11110LSMC535300,0,0,0
11110LSMC546200,0,0,0
11110LSMC546700,0,0,0
11110LSMC555100,0,0,0
11110LSMC555300,41,∞,0
11110LSMC574100,8,∞,0
11110LSMC576300,0,0,0
11110LSMC590101,0,13,6
11110LSMC590102,0,13,5
11110LSMC590300,8,32,7
11110LSMC600200,3,∞,0
11110LSMC634800,2,∞,0
11110LSMC642100,32,∞,0
11110LSMC644200,0,0,0
11110LSMC700200,1,∞,0
11110LSMC790101,5,5,0
11110LSMC790300,2,8,0
11110LSMM514400,0,0,0
11110LSMM524300,0,0,0
11110LSMM525600,0,0,0
11110LSMM527900,0,0,0
11110LSMM528300,0,0,0
11110LSMM528500,0,0,0
11110LSMM544400,0,0,0
11110LSMM574100,9,51,4
11110LSMM577100,5,0,0
11110LSMM577300,0,0,0
11110LSMM590101,0,13,3
11110LSMM590102,0,13,3
11110LSMM590300,20,20,9
11110LSMM600200,9,∞,0
11110LSMM624700,5,∞,0
11110LSMM700200,1,∞,0
11110LSMM790101,5,5,1
11110LSMM790300,3,7,0
11110LSSN504400,0,0,0
11110LSSN510100,0,0,0
11110LSSN510900,0,0,0
11110LSSN514200,0,0,0
11110LSSN515100,0,0,0
11110LSSN515300,0,0,0
11110LSSN515600,5,5,3
11110LSSN565100,1,∞,0
11110LSSN575300,8,∞,0
11110LSSN590101,0,13,1
11110LSSN590300,5,35,2
11110LSSN600200,2,∞,0
11110LSSN700200,0,∞,0
11110LST 310301,1,29,3
11110LST 310302,38,12,0
11110LST 310501,27,73,2
11110LST 320100,28,52,2
11110LST 321001,21,29,0
11110LST 330101,16,69,2
11110LST 330102,7,43,0
11110LST 350301,98,62,8
11110LST 350302,47,73,0
11110LST 350500,99,1,0
11110LST 370100,18,0,0
11110LST 420300,36,14,0
11110LST 420600,24,6,0
11110LST 460300,25,25,0
11110LST 500100,0,∞,0
11110LST 500900,21,29,5
11110LST 501700,3,47,6
11110LST 502100,2,14,0
11110LST 525000,19,∞,0
11110LST 531000,4,11,1
11110LST 531300,15,25,0
11110LST 531500,8,10,0
11110LST 531900,7,18,2
11110LST 532300,14,4,0
11110LST 532400,12,6,1
11110LST 533400,4,14,1
11110LST 534000,3,15,1
11110LST 540900,1,17,0
11110LST 541200,20,0,0
11110LST 550200,2,∞,0
11110LST 550800,16,2,2
11110LST 560700,29,1,0
11110LST 561100,6,∞,0
11110LST 562800,6,18,0
11110LST 566600,5,13,0
11110LST 570100,10,8,1
11110LST 570400,5,13,0
11110LST 570600,19,31,1
11110LST 571700,6,12,0
11110LST 780100,3,∞,0
11110MATH101001,1,101,25
11110MATH101002,4,110,26
11110MATH101003,0,100,17
11110MATH101004,0,125,32
11110MATH101005,0,100,20
11110MATH101006,10,101,17
11110MATH101007,4,92,16
11110MATH103001,1,120,24
11110MATH103002,5,125,19
11110MATH103003,0,132,8
11110MATH103004,16,124,22
11110MATH103005,16,154,33
11110MATH103006,10,110,20
11110MATH103007,10,100,4
11110MATH103008,2,86,33
11110MATH110000,0,110,16
11110MATH141000,10,110,25
11110MATH160000,0,111,15
11110MATH171001,0,47,12
11110MATH171002,0,47,8
11110MATH201001,49,1,0
11110MATH201002,12,98,0
11110MATH241000,72,38,0
11110MATH281000,86,14,0
11110MATH301000,66,13,0
11110MATH331000,36,75,0
11110MATH351000,7,43,0
11110MATH361000,56,54,0
11110MATH481000,42,13,0
11110MATH503000,7,∞,0
11110MATH513000,10,30,4
11110MATH523000,4,∞,0
11110MATH525000,3,12,1
11110MATH541000,4,26,4
11110MATH542500,10,∞,0
11110MATH547000,6,∞,0
11110MATH571000,4,∞,0
11110MATH576000,3,19,1
11110MATH601000,3,∞,0
11110MATH647500,4,∞,0
11110MATH669000,2,∞,0
11110MATH701000,1,∞,0
11110MATH717200,10,∞,0
11110MATH724800,6,∞,0
11110MATU500100,0,0,0
11110MATU500200,0,0,0
11110MATU500300,0,0,0
11110MATU500400,0,0,0
11110MBA 500000,34,∞,0
11110MBA 500200,46,∞,0
11110MBA 500300,21,∞,0
11110MBA 500400,3,47,9
11110MBA 500500,19,∞,0
11110MBA 501400,11,39,16
11110MBA 503000,22,23,11
11110MBA 503200,12,28,19
11110MBA 503700,40,0,0
11110MBA 504100,25,25,15
11110MBA 550101,0,25,0
11110MBA 551101,0,25,0
11110MBA 553100,0,25,0
11110MBA 555900,0,25,0
11110MBA 557300,0,25,0
11110MFB 500100,8,∞,0
11110MFB 500200,9,∞,0
11110MFB 500300,8,∞,0
11110MFB 501000,22,∞,0
11110MFB 501200,23,∞,0
11110MFB 501500,24,∞,0
11110MFB 501600,8,∞,0
11110MFB 509900,21,∞,0
11110MI  100001,66,19,2
11110MI  100002,24,61,1
11110MI  100003,0,85,0
11110MI  100004,0,85,1
11110MPM 500100,0,30,4
11110MPM 500200,0,30,4
11110MPM 500700,17,13,3
11110MPM 501000,23,7,0
11110MPM 501400,19,11,1
11110MPM 501800,0,0,0
11110MPM 509900,23,∞,0
11110MS  102100,10,140,26
11110MS  102103,19,81,2
11110MS  103100,6,144,25
11110MS  201101,79,1,0
11110MS  201102,46,34,0
11110MS  202100,156,44,0
11110MS  204100,149,1,0
11110MS  205100,91,9,0
11110MS  300301,11,29,0
11110MS  300302,40,0,0
11110MS  302100,144,6,0
11110MS  303201,30,0,0
11110MS  303202,16,14,0
11110MS  307100,116,34,0
11110MS  308100,144,6,0
11110MS  309200,133,17,2
11110MS  401100,80,0,0
11110MS  402100,128,122,5
11110MS  404100,42,28,3
11110MS  412000,34,2,1
11110MS  413100,76,4,1
11110MS  435200,17,23,2
11110MS  441100,17,233,3
11110MS  463500,52,48,19
11110MS  500000,20,230,37
11110MS  501100,10,55,15
11110MS  502100,4,146,28
11110MS  503100,0,50,2
11110MS  504100,6,74,27
11110MS  505100,5,20,1
11110MS  507400,37,1,8
11110MS  509100,7,23,3
11110MS  518300,18,32,7
11110MS  527100,18,7,8
11110MS  539200,24,6,0
11110MS  574000,40,0,0
11110MS  574100,26,4,5
11110MS  575000,30,60,12
11110MS  600000,33,∞,0
11110MS  800000,4,∞,0
11110NEMS500000,22,∞,0
11110NEMS510000,16,∞,0
11110NEMS550100,6,19,6
11110NEMS582000,14,∞,0
11110NEMS583300,2,∞,0
11110NEMS584000,8,∞,0
11110NEMS586000,4,∞,0
11110NEMS587000,2,∞,0
11110NEMS588000,1,∞,0
11110NEMS600000,12,∞,0
11110NEMS800000,2,∞,0
11110NES 500000,23,47,7
11110NES 507000,5,∞,0
11110NES 510900,4,∞,0
11110NES 523000,12,∞,0
11110NES 524000,5,∞,0
11110NES 525300,1,7,0
11110NES 525500,3,∞,0
11110NES 525700,5,45,1
11110NES 525800,4,∞,0
11110NES 541000,3,∞,0
11110NES 563000,7,∞,0
11110NES 598003,8,17,5
11110NES 598004,3,22,1
11110NES 598005,12,∞,0
11110NES 698000,11,∞,0
11110NES 999000,1,∞,0
11110PE  111001,19,∞,0
11110PE  111002,15,∞,0
11110PE  111003,15,∞,0
11110PE  111004,10,∞,0
11110PE  111005,13,∞,0
11110PE  111006,21,∞,0
11110PE  111007,2,∞,0
11110PE  111008,9,∞,0
11110PE  111009,8,∞,0
11110PE  111010,11,∞,0
11110PE  111011,11,∞,0
11110PE  111012,7,∞,0
11110PE  111013,15,∞,0
11110PE  111014,11,∞,0
11110PE  111015,9,∞,0
11110PE  111016,8,∞,0
11110PE  111017,22,∞,0
11110PE  111018,3,∞,0
11110PE  111019,0,50,1
11110PE  111020,19,∞,0
11110PE  111021,13,∞,0
11110PE  111022,10,∞,0
11110PE  111023,13,∞,0
11110PE  111024,10,∞,0
11110PE  111025,12,∞,0
11110PE  111026,9,∞,0
11110PE  111027,4,∞,0
11110PE  111028,9,∞,0
11110PE  111029,13,∞,0
11110PE  111030,7,∞,0
11110PE  111031,12,∞,0
11110PE  111032,16,∞,0
11110PE  111033,10,∞,0
11110PE  111034,8,∞,0
11110PE  111035,4,∞,0
11110PE  111036,6,∞,0
11110PE  111037,9,∞,0
11110PE  111038,12,∞,0
11110PE  111039,16,∞,0
11110PE  111040,7,∞,0
11110PE  111041,9,∞,0
11110PE  111042,17,∞,0
11110PE  111043,5,∞,0
11110PE  111044,11,∞,0
11110PE  111045,10,∞,0
11110PE  111046,7,∞,0
11110PE  205001,36,0,0
11110PE  205002,36,0,0
11110PE  205003,36,0,0
11110PE  205004,36,0,0
11110PE  205005,34,2,0
11110PE  205006,36,0,0
11110PE  205007,36,0,0
11110PE  205008,36,0,0
11110PE  205009,36,0,0
11110PE  205010,19,1,0
11110PE  205011,36,0,0
11110PE  205012,20,0,0
11110PE  205013,36,0,0
11110PE  205014,36,0,0
11110PE  205015,36,0,0
11110PE  205016,35,1,0
11110PE  205017,36,0,0
11110PE  205018,35,1,1
11110PE  205019,36,0,0
11110PE  205020,36,0,0
11110PE  205021,36,0,0
11110PE  205022,36,0,0
11110PE  205023,19,17,0
11110PE  205024,32,0,0
11110PE  205025,30,0,0
11110PE  205026,35,1,0
11110PE  205027,32,0,0
11110PE  205028,30,0,0
11110PE  205029,36,0,0
11110PE  205030,35,1,0
11110PE  205031,36,0,0
11110PE  205032,36,0,0
11110PE  205033,36,0,0
11110PE  205034,26,0,0
11110PE  205035,36,0,0
11110PE  205036,30,0,0
11110PE  205037,36,0,0
11110PE  205038,35,1,0
11110PE  205039,30,0,0
11110PE  205040,32,0,0
11110PE  205041,36,0,0
11110PE  205042,36,0,0
11110PE  205043,20,0,0
11110PE  205044,36,0,0
11110PE  205045,36,0,0
11110PE  205046,36,0,0
11110PE  205047,36,0,0
11110PE  205048,36,0,0
11110PE  205049,36,0,0
11110PE  205050,36,0,0
11110PE  205051,36,0,0
11110PE  205052,36,0,0
11110PE  205053,32,0,0
11110PE  205054,36,0,0
11110PE  205055,30,0,0
11110PE  205056,36,0,0
11110PE  205057,35,1,1
11110PE  205058,36,0,0
11110PE  205059,36,0,0
11110PE  205060,32,0,0
11110PE  205061,36,0,0
11110PE  205062,30,0,0
11110PE  205063,36,0,0
11110PE  205064,35,1,0
11110PE  205065,32,0,0
11110PE  205066,30,0,0
11110PE  205067,32,0,0
11110PE  205068,30,0,0
11110PE  205069,36,0,0
11110PE  205070,36,0,0
11110PE  205071,30,0,0
11110PE  205072,36,0,0
11110PE  205073,36,0,0
11110PE  205074,26,0,0
11110PE  205075,30,0,0
11110PE  205076,36,0,0
11110PE  205077,27,9,0
11110PE  205078,35,1,0
11110PE  205079,36,0,0
11110PE  205080,36,0,0
11110PE  205081,30,0,0
11110PE  205082,36,0,0
11110PE  205083,36,0,0
11110PE  205084,26,0,0
11110PE  205085,30,0,0
11110PE  205086,14,22,0
11110PE  205087,36,0,0
11110PE  205088,36,0,0
11110PE  205089,36,0,0
11110PE  205090,36,0,0
11110PE  205091,36,0,0
11110PE  205092,36,0,0
11110PE  205093,36,0,0
11110PE  205094,36,0,0
11110PE  205095,36,0,0
11110PE  205096,36,0,0
11110PE  205097,36,0,0
11110PE  205098,36,0,0
11110PE  205099,35,1,0
11110PE  205101,32,0,0
11110PE  205102,36,0,0
11110PE  205103,36,0,0
11110PE  205104,36,0,0
11110PE  205105,28,8,0
11110PE  205106,28,0,0
11110PE  205107,25,0,0
11110PE  205108,28,0,0
11110PE  205109,33,3,0
11110PE  205110,35,1,0
11110PE  205111,36,0,0
11110PE  205112,26,0,0
11110PE  205113,36,0,0
11110PE  205114,26,0,0
11110PE  205116,0,0,0
11110PE  205117,36,0,0
11110PE  205118,20,16,0
11110PE  205119,36,0,0
11110PE  205120,36,0,0
11110PE  205121,25,0,0
11110PE  205122,0,0,0
11110PE  205123,0,0,0
11110PE  205124,0,36,0
11110PE  205125,0,36,0
11110PE  205126,0,36,0
11110PE  205127,0,30,0
11110PE  205128,0,36,0
11110PE  205129,0,36,0
11110PE  205130,0,36,0
11110PE  205131,0,36,0
11110PE  205132,0,36,0
11110PE  205133,0,36,0
11110PE  333001,11,∞,0
11110PE  333002,7,∞,0
11110PE  333003,3,∞,0
11110PE  333004,14,∞,0
11110PE  333005,6,∞,0
11110PE  333006,19,∞,0
11110PE  333007,15,∞,0
11110PE  333008,3,∞,0
11110PE  333009,3,∞,0
11110PE  333010,4,∞,0
11110PE  333011,8,∞,0
11110PE  333012,16,∞,0
11110PE  333013,9,∞,0
11110PE  333014,3,∞,0
11110PE  333015,15,∞,0
11110PE  333016,13,∞,0
11110PE  333017,11,∞,0
11110PE  333018,14,∞,0
11110PE  333019,13,∞,0
11110PE  333020,9,∞,0
11110PE  333021,7,∞,0
11110PE  111001,19,∞,0
11110PE  111002,15,∞,0
11110PE  111003,15,∞,0
11110PE  111004,10,∞,0
11110PE  111005,13,∞,0
11110PE  111006,21,∞,0
11110PE  111007,2,∞,0
11110PE  111008,9,∞,0
11110PE  111009,8,∞,0
11110PE  111010,11,∞,0
11110PE  111011,11,∞,0
11110PE  111012,7,∞,0
11110PE  111013,15,∞,0
11110PE  111014,11,∞,0
11110PE  111015,9,∞,0
11110PE  111016,8,∞,0
11110PE  111017,22,∞,0
11110PE  111018,3,∞,0
11110PE  111019,0,50,1
11110PE  111020,19,∞,0
11110PE  111021,13,∞,0
11110PE  111022,10,∞,0
11110PE  111023,13,∞,0
11110PE  111024,10,∞,0
11110PE  111025,12,∞,0
11110PE  111026,9,∞,0
11110PE  111027,4,∞,0
11110PE  111028,9,∞,0
11110PE  111029,13,∞,0
11110PE  111030,7,∞,0
11110PE  111031,12,∞,0
11110PE  111032,16,∞,0
11110PE  111033,10,∞,0
11110PE  111034,8,∞,0
11110PE  111035,4,∞,0
11110PE  111036,6,∞,0
11110PE  111037,9,∞,0
11110PE  111038,12,∞,0
11110PE  111039,16,∞,0
11110PE  111040,7,∞,0
11110PE  111041,9,∞,0
11110PE  111042,17,∞,0
11110PE  111043,5,∞,0
11110PE  111044,11,∞,0
11110PE  111045,10,∞,0
11110PE  111046,7,∞,0
11110PE  333001,11,∞,0
11110PE  333002,7,∞,0
11110PE  333003,3,∞,0
11110PE  333004,14,∞,0
11110PE  333005,6,∞,0
11110PE  333006,19,∞,0
11110PE  333007,15,∞,0
11110PE  333008,3,∞,0
11110PE  333009,3,∞,0
11110PE  333010,4,∞,0
11110PE  333011,8,∞,0
11110PE  333012,16,∞,0
11110PE  333013,9,∞,0
11110PE  333014,3,∞,0
11110PE  333015,15,∞,0
11110PE  333016,13,∞,0
11110PE  333017,11,∞,0
11110PE  333018,14,∞,0
11110PE  333019,13,∞,0
11110PE  333020,9,∞,0
11110PE  333021,7,∞,0
11110PHIL501200,2,13,0
11110PHIL551000,5,10,1
11110PHIL555000,6,9,1
11110PHIL559100,1,14,1
11110PHIL583100,7,8,0
11110PHIL586400,6,9,1
11110PHIL600000,1,∞,0
11110PHIL602000,0,15,0
11110PHYS101001,0,57,12
11110PHYS101002,0,57,15
11110PHYS101003,0,55,12
11110PHYS101004,0,55,11
11110PHYS101005,0,60,10
11110PHYS101006,0,60,11
11110PHYS101007,0,61,16
11110PHYS101008,0,66,22
11110PHYS101009,0,50,8
11110PHYS101010,0,50,3
11110PHYS101011,0,55,15
11110PHYS101012,0,55,9
11110PHYS101013,0,63,11
11110PHYS101014,0,63,6
11110PHYS101015,0,50,14
11110PHYS101016,0,50,11
11110PHYS101017,0,55,11
11110PHYS101018,0,55,5
11110PHYS101019,0,55,5
11110PHYS113000,0,105,14
11110PHYS113301,0,140,91
11110PHYS113302,0,140,0
11110PHYS113303,40,120,64
11110PHYS113304,0,140,108
11110PHYS113305,0,135,84
11110PHYS113306,0,140,63
11110PHYS113307,0,110,57
11110PHYS113401,0,110,65
11110PHYS113402,0,110,63
11110PHYS113403,0,100,61
11110PHYS116000,39,6,0
11110PHYS212000,96,24,1
11110PHYS221000,85,35,1
11110PHYS231000,85,35,1
11110PHYS241000,40,80,2
11110PHYS301001,31,1,0
11110PHYS301002,25,7,0
11110PHYS303001,17,15,0
11110PHYS303002,24,8,0
11110PHYS308001,3,12,0
11110PHYS308002,13,2,0
11110PHYS310000,29,16,0
11110PHYS317000,19,∞,0
11110PHYS325000,88,32,0
11110PHYS332000,37,∞,0
11110PHYS345000,100,35,0
11110PHYS370000,50,0,0
11110PHYS391000,10,10,0
11110PHYS401300,12,28,0
11110PHYS431000,23,∞,0
11110PHYS433000,22,∞,0
11110PHYS451000,23,∞,0
11110PHYS468000,47,∞,0
11110PHYS471000,34,∞,0
11110PHYS490000,6,∞,0
11110PHYS491000,17,∞,0
11110PHYS500101,5,∞,0
11110PHYS500102,0,∞,0
11110PHYS505000,1,23,5
11110PHYS522000,8,∞,0
11110PHYS523000,14,∞,0
11110PHYS531000,20,115,25
11110PHYS539000,7,∞,0
11110PHYS541000,22,78,30
11110PHYS571000,23,∞,0
11110PHYS573000,31,∞,0
11110PHYS581000,8,∞,0
11110PHYS593000,37,∞,0
11110PHYS595001,21,∞,0
11110PHYS595003,22,∞,0
11110PHYS597001,8,∞,0
11110PHYS597002,12,8,1
11110PHYS691000,34,∞,0
11110PHYS991000,2,∞,0
11110PME 101301,2,70,13
11110PME 101302,0,60,18
11110PME 101303,4,56,10
11110PME 101304,3,57,12
11110PME 101500,7,48,0
11110PME 101801,1,54,9
11110PME 101802,1,69,12
11110PME 120100,7,18,6
11110PME 200101,57,6,0
11110PME 200102,61,2,1
11110PME 200600,22,0,0
11110PME 210301,60,0,0
11110PME 210302,60,0,0
11110PME 220101,61,2,0
11110PME 220102,57,6,1
11110PME 235001,59,1,0
11110PME 235002,60,0,0
11110PME 243101,60,0,0
11110PME 243102,60,0,0
11110PME 300500,43,∞,0
11110PME 300700,40,0,0
11110PME 311300,20,∞,0
11110PME 312100,15,∞,0
11110PME 320200,86,4,0
11110PME 320701,25,35,0
11110PME 320702,60,0,0
11110PME 321200,49,1,0
11110PME 331000,18,∞,0
11110PME 334700,59,∞,0
11110PME 343301,54,11,0
11110PME 343302,64,1,0
11110PME 343700,16,9,0
11110PME 400200,103,∞,0
11110PME 400300,0,0,0
11110PME 400400,0,0,0
11110PME 400500,6,∞,0
11110PME 401301,35,0,0
11110PME 401302,15,20,0
11110PME 401303,35,0,0
11110PME 402100,38,∞,0
11110PME 414700,10,∞,0
11110PME 435200,64,∞,0
11110PME 443200,12,12,0
11110PME 500000,45,∞,0
11110PME 511100,7,∞,0
11110PME 511300,9,∞,0
11110PME 512100,13,67,14
11110PME 513100,1,∞,0
11110PME 514100,3,∞,0
11110PME 514200,14,∞,0
11110PME 520100,9,41,10
11110PME 520300,21,∞,0
11110PME 520700,20,∞,0
11110PME 534200,6,∞,0
11110PME 534300,27,∞,0
11110PME 534500,6,∞,0
11110PME 534700,2,∞,0
11110PME 536000,6,∞,0
11110PME 537100,1,∞,0
11110PME 543500,6,39,1
11110PME 543900,0,0,0
11110PME 600000,72,∞,0
11110PME 625000,6,29,2
11110PME 634500,6,∞,0
11110PME 660000,4,∞,0
11110PME 665000,3,∞,0
11110PME 800000,2,∞,0
11110PMED700100,4,26,1
11110QF  100201,0,60,13
11110QF  100401,0,90,18
11110QF  100402,0,60,1
11110QF  100403,0,50,4
11110QF  214101,50,0,0
11110QF  214102,71,19,1
11110QF  214104,49,1,0
11110QF  214105,80,0,0
11110QF  214106,21,39,1
11110QF  214401,90,0,0
11110QF  214800,70,10,0
11110QF  314800,90,0,0
11110QF  314802,26,24,0
11110QF  320101,18,42,3
11110QF  320102,100,0,0
11110QF  320103,49,1,1
11110QF  320400,47,32,0
11110QF  321400,36,14,0
11110QF  321600,24,16,0
11110QF  321800,80,0,0
11110QF  322100,40,10,0
11110QF  414401,50,0,0
11110QF  414402,50,0,0
11110QF  440700,1,35,5
11110QF  444000,50,0,0
11110QF  444300,30,0,0
11110QF  444600,50,0,0
11110QF  500100,5,25,9
11110QF  500300,2,38,3
11110QF  510100,19,31,9
11110QF  510300,12,0,0
11110QF  513000,13,∞,0
11110QF  517000,6,24,6
11110QF  520700,36,4,3
11110QF  521400,0,30,5
11110QF  521600,24,12,4
11110QF  526600,6,6,2
11110QF  527100,3,2,2
11110QF  527600,12,0,0
11110QF  700000,0,∞,0
11110SL  510100,2,18,6
11110SL  512400,3,7,3
11110SL  513400,7,1,3
11110SL  513500,9,1,5
11110SL  513700,5,5,1
11110SL  513800,4,6,3
11110SL  521200,10,0,0
11110SL  600000,0,0,0
11110SL  600100,4,∞,0
11110SLS 500200,1,∞,0
11110SLS 564300,4,∞,0
11110SNHC710000,2,∞,0
11110SNHC731000,0,∞,0
11110SNHC745000,1,∞,0
11110SOC 515700,13,∞,0
11110SOC 518800,6,∞,0
11110SOC 535900,6,9,2
11110SOC 536700,12,∞,0
11110SOC 537200,4,11,2
11110SOC 574100,4,16,4
11110SOC 578000,2,∞,0
11110SOC 580100,4,∞,0
11110SOC 580200,6,∞,0
11110SOC 584300,8,∞,0
11110SOC 586500,5,∞,0
11110SOC 591100,10,∞,0
11110SOC 700000,3,∞,0
11110SOC 800000,0,∞,0
11110STAT202000,27,53,0
11110STAT262200,69,11,0
11110STAT387500,37,∞,0
11110STAT502000,29,∞,0
11110STAT505000,50,20,11
11110STAT511000,20,∞,0
11110STAT541000,48,32,16
11110STAT556100,19,∞,0
11110STAT591000,13,∞,0
11110STAT592000,26,∞,0
11110STAT600000,3,∞,0
11110STAT691000,14,∞,0
11110STAT701400,6,∞,0
11110STAT800000,0,∞,0
11110STAU500100,2,∞,0
11110STAU500200,0,∞,0
11110TE  201201,4,26,1
11110TE  202101,8,22,0
11110TE  202102,6,24,1
11110TE  204100,30,0,0
11110TE  204300,7,23,0
11110TE  207400,22,8,0
11110TE  209300,1,29,0
11110TE  210500,30,0,0
11110TE  220400,30,0,0
11110TE  250900,30,0,0
11110TE  251800,11,19,0
11110TE  251900,30,0,0
11110TE  252000,30,0,0
11110TE  252300,10,20,0
11110TE  252400,2,28,0
11110TE  252500,1,29,0
11110TE  252600,2,28,0
11110TE  252700,14,1,0
11110TE  252800,2,14,0
11110TE  252900,3,9,0
11110TE  253000,9,21,0
11110TE  253100,2,∞,0
11110TEE 100500,8,32,1
11110TEE 100701,5,35,2
11110TEE 100702,1,39,0
11110TEE 100703,4,36,3
11110TEE 101801,22,18,2
11110TEE 101802,10,30,2
11110TEE 101900,32,8,0
11110TEE 102000,31,9,0
11110TEE 102100,20,20,5
11110TEE 102200,12,28,2
11110TEE 102801,9,31,2
11110TEE 102802,2,38,3
11110TEE 102901,3,37,3
11110TEE 102902,5,35,6
11110TEE 103101,7,33,1
11110TEE 103102,27,13,3
11110TEE 103701,9,31,0
11110TEE 103702,8,22,0
11110TEE 200101,19,1,0
11110TEE 200102,6,14,0
11110TEE 200103,14,6,0
11110TEE 200104,19,1,0
11110TEE 200201,38,2,0
11110TEE 200202,25,0,0
11110TEE 200301,30,10,0
11110TEE 200302,5,35,0
11110TEE 200800,40,0,0
11110TEE 201100,30,0,0
11110TEE 201200,32,8,3
11110TEE 201401,40,0,0
11110TEE 201402,13,17,0
11110TEE 201701,28,12,1
11110TEE 201702,9,31,1
11110TEE 202000,24,0,0
11110TEE 300100,27,13,3
11110TEE 300500,32,8,0
11110TEE 300600,40,0,0
11110TEE 300800,28,12,0
11110TEE 300900,23,7,2
11110TEE 301000,7,33,0
11110TEE 301201,5,35,1
11110TEE 301202,5,35,0
11110TEE 303501,29,11,0
11110TEE 303502,26,14,8
11110TEE 400500,9,31,0
11110TEG 430100,4,26,0
11110TEG 430200,5,25,0
11110THC 100100,8,52,4
11110THC 100200,15,5,0
11110THC 100400,0,0,0
11110THC 100900,0,0,0
11110THC 101100,0,0,0
11110THC 101300,0,0,0
11110THC 101400,5,10,0
11110THC 101500,1,14,0
11110THC 101600,0,0,0
11110THC 101700,0,0,0
11110THC 101800,7,13,0
11110THC 130100,0,0,0
11110THC 130200,0,0,0
11110THC 230100,0,0,0
11110THC 230200,0,0,0
11110THC 230300,0,0,0
11110THC 330100,0,0,0
11110THC 330200,0,0,0
11110THC 430100,0,0,0
11110THC 430200,0,0,0
11110THSM101000,1,23,0
11110THSM102000,5,23,0
11110THSM103000,0,23,0
11110THSM104000,0,23,0
11110THSM105000,0,23,0
11110THSM106000,0,23,0
11110THSM107000,0,23,0
11110THSM108000,0,23,0
11110THSM109000,0,23,0
11110THSM110000,0,23,0
11110TIGP717100,1,∞,0
11110TIGP717600,0,∞,0
11110TIGP717700,1,∞,0
11110TIGP717900,1,∞,0
11110TIGP718100,1,∞,0
11110TIGP718200,1,∞,0
11110TIGP718300,0,∞,0
11110TIGP719100,0,∞,0
11110TIGP719600,1,∞,0
11110TIGP719900,1,∞,0
11110TIGP720100,0,∞,0
11110TIGP722300,0,∞,0
11110TIGP723500,0,∞,0
11110TIGP723600,0,∞,0
11110TIGP723700,0,∞,0
11110TIGP726400,0,∞,0
11110TIGP727100,0,∞,0
11110TIGP727300,0,∞,0
11110TIGP730100,0,∞,0
11110TIGP730300,0,∞,0
11110TIGP730400,0,∞,0
11110TIGP730500,0,∞,0
11110TIGP730800,0,∞,0
11110TIGP731000,0,∞,0
11110TIGP731100,1,∞,0
11110TIGP740101,0,∞,0
11110TIGP740102,0,∞,0
11110TIGP743500,0,∞,0
11110TIGP744100,0,∞,0
11110TIGP746300,0,∞,0
11110TIGP748400,0,∞,0
11110TIGP749100,0,∞,0
11110TIGP749300,1,∞,0
11110TL  500000,1,∞,0
11110TL  500100,2,∞,0
11110TL  540300,21,∞,0
11110TL  550100,13,∞,0
11110TL  571300,9,∞,0
11110TL  572400,4,∞,0
11110TL  580700,15,∞,0
11110TL  590300,5,∞,0
11110TL  700000,1,∞,0
11110TL  700100,1,∞,0
11110TM  200201,69,1,2
11110TM  200202,50,0,0
11110TM  400300,39,11,0
11110TM  401100,14,26,0
11110TM  401200,19,11,0
11110TM  500000,21,∞,0
11110TM  500300,0,0,0
11110TM  502300,6,34,12
11110TM  504700,13,27,16
11110TM  505300,0,0,0
11110TM  508000,20,10,5
11110TM  510500,8,42,6
11110TM  511000,7,33,11
11110TM  511100,23,7,5
11110TM  511200,23,7,4
11110TM  511400,13,∞,0
11110TM  700000,3,∞,0
11110TM  700100,1,14,1
11110TM  700300,4,11,0
11110TM  701400,2,13,0
11110TSE 500100,4,26,0
11110TSE 500400,0,30,2
11110TSE 500600,2,∞,0
11110TSE 502100,8,22,0
11110TSE 502200,5,25,1
11110TSE 502300,1,29,0
11110TSE 502400,4,26,1
11110TSE 502500,0,30,0
11110TSE 502600,0,30,1
11110TSE 503100,0,30,1
11110TSE 503200,4,26,2
11110TSE 505000,0,30,0
11110TSE 505100,1,29,2
11110UPMT200200,50,0,0
11110UPMT300100,75,5,0
11110UPMT300400,24,16,0
11110ZY  100002,0,12,6
11110ZY  100003,0,12,6
11110ZY  100004,0,10,2
11110ZY  100005,0,10,3
11110ZY  100006,0,12,5
11110ZY  100007,0,11,0
11110ZY  100008,0,10,3
11110ZY  100009,0,27,4
11110ZY  100010,0,20,3
11110ZY  100011,0,8,7
11110ZY  100012,0,14,1
11110ZY  100013,0,8,7
11110ZY  100014,0,25,2
11110ZY  100015,0,18,0
11110ZY  100016,0,20,4
11110ZY  100017,0,15,0
11110ZY  100018,0,12,8
11110ZY  100021,0,25,2
11110ZY  100023,0,20,6
11110ZY  100027,0,20,3
11110ZY  100028,0,20,0
11110ZY  100029,0,14,4
11110ZY  100031,21,79,9
11110ZY  100032,1,59,2
11110ZY  100033,6,0,0
11110ZY  100034,5,1,4
11110ZY  100035,10,0,0
11110ZY  100036,7,0,0
11110ZY  100037,1,4,1
11110ZY  100038,4,2,0
11110ZY  100039,8,0,0
11110ZY  100040,9,0,0
11110ZY  100041,0,12,0
11110ZY  100201,15,∞,0
11110ZY  100202,13,∞,0
11110ZY  100203,22,∞,0
11110ZY  100204,21,∞,0
11110ZY  100205,25,∞,0
11110ZY  100206,8,122,15
11110ZY  100208,2,58,17
11110ZY  100209,8,107,11
11110ZY  100210,6,74,8
11110ZY  100211,14,∞,0
11110ZY  100212,13,∞,0
11110ZY  100213,14,∞,0
11110ZY  100214,18,∞,0
11110ZY  100215,23,∞,0
11110ZY  100216,10,∞,0
11110ZY  100217,47,∞,0
11110ZY  100218,13,107,15
11110ZY  100219,12,∞,0
11110ZY  100220,3,37,6
11110ZY  100221,9,∞,0
11110ZY  100222,6,24,1
11110ZY  100223,17,∞,0
11110ZY  100224,0,40,17
11110ZY  100225,19,∞,0
11110ZY  100226,3,∞,0
11110ZY  100231,31,∞,0
11110ZY  100232,17,∞,0
11110ZY  100233,19,∞,0
11110ZY  100234,7,∞,0
11110ZY  100235,36,∞,0
11110ZY  100238,17,3,6
11110ZY  100239,16,∞,0
11110ZY  100240,1,47,8
11110ZY  100242,1,47,7
11110ZY  100244,6,34,4
11110ZY  100245,5,∞,0
11110ZY  100246,39,∞,0
